File,Function,LOC,SLOC-P,SLOC-L,MVG,BLOC,C&SLOC,CLOC,CWORD
C:\Users\Styn\Documents\Visual Studio 2015\Projects\Cross Wars vs Onslaught\Cross Wars vs Onslaught\AddItem.cpp,AddItem::AddItem(std::string _ItemID),2,2,2,0,0,0,0,0,
C:\Users\Styn\Documents\Visual Studio 2015\Projects\Cross Wars vs Onslaught\Cross Wars vs Onslaught\AddItem.cpp,AddItem::~AddItem(),1,1,1,0,0,0,0,0,
C:\Users\Styn\Documents\Visual Studio 2015\Projects\Cross Wars vs Onslaught\Cross Wars vs Onslaught\AddItem.cpp,AddItem::Run(),5,5,5,0,0,0,0,0,
C:\Users\Styn\Documents\Visual Studio 2015\Projects\Cross Wars vs Onslaught\Cross Wars vs Onslaught\AddUnit.cpp,AddUnit::AddUnit(std::string _UnitID),2,2,2,0,0,0,0,0,
C:\Users\Styn\Documents\Visual Studio 2015\Projects\Cross Wars vs Onslaught\Cross Wars vs Onslaught\AddUnit.cpp,AddUnit::~AddUnit(),1,1,1,0,0,0,0,0,
C:\Users\Styn\Documents\Visual Studio 2015\Projects\Cross Wars vs Onslaught\Cross Wars vs Onslaught\AddUnit.cpp,AddUnit::Run(),5,5,5,0,0,0,0,0,
C:\Users\Styn\Documents\Visual Studio 2015\Projects\Cross Wars vs Onslaught\Cross Wars vs Onslaught\AI.cpp,"AI::AI(Unit::ENTITY_ALLIANCE _Alliance, Cursor* _pCursor)",6,6,6,0,0,0,0,0,
C:\Users\Styn\Documents\Visual Studio 2015\Projects\Cross Wars vs Onslaught\Cross Wars vs Onslaught\AI.cpp,AI::~AI(),1,1,1,0,0,0,0,0,
C:\Users\Styn\Documents\Visual Studio 2015\Projects\Cross Wars vs Onslaught\Cross Wars vs Onslaught\AI.cpp,"AI::GetFarestMovableTileFromPath(std::vector<MovementTile> _pPath, int _Distance)",24,23,11,9,1,0,0,0,
C:\Users\Styn\Documents\Visual Studio 2015\Projects\Cross Wars vs Onslaught\Cross Wars vs Onslaught\AI.cpp,AI::Think(),224,195,123,20,25,0,4,35,
C:\Users\Styn\Documents\Visual Studio 2015\Projects\Cross Wars vs Onslaught\Cross Wars vs Onslaught\AI.cpp,AI::Acivate(),4,4,4,0,0,0,0,0,
C:\Users\Styn\Documents\Visual Studio 2015\Projects\Cross Wars vs Onslaught\Cross Wars vs Onslaught\AI.cpp,AI::SetMap(Map* _pMap),2,2,2,0,0,0,0,0,
C:\Users\Styn\Documents\Visual Studio 2015\Projects\Cross Wars vs Onslaught\Cross Wars vs Onslaught\AI.cpp,AI::GetFreeUnit(),24,23,11,10,1,0,0,0,
C:\Users\Styn\Documents\Visual Studio 2015\Projects\Cross Wars vs Onslaught\Cross Wars vs Onslaught\AI.cpp,AI::GetEnemiesInRange(std::vector<MovementTile*>& _Tiles),43,41,18,13,2,0,0,0,
C:\Users\Styn\Documents\Visual Studio 2015\Projects\Cross Wars vs Onslaught\Cross Wars vs Onslaught\ArmyScreen.cpp,ArmyScreen::ArmyScreen(sf::RenderWindow* _pRenderWindow),38,29,29,0,9,0,0,0,
C:\Users\Styn\Documents\Visual Studio 2015\Projects\Cross Wars vs Onslaught\Cross Wars vs Onslaught\ArmyScreen.cpp,ArmyScreen::~ArmyScreen(),2,1,1,0,1,0,0,0,
C:\Users\Styn\Documents\Visual Studio 2015\Projects\Cross Wars vs Onslaught\Cross Wars vs Onslaught\ArmyScreen.cpp,ArmyScreen::Start(),11,8,8,0,3,0,0,0,
C:\Users\Styn\Documents\Visual Studio 2015\Projects\Cross Wars vs Onslaught\Cross Wars vs Onslaught\ArmyScreen.cpp,ArmyScreen::ShowContainers(int _Offset),162,131,101,15,31,0,0,0,
C:\Users\Styn\Documents\Visual Studio 2015\Projects\Cross Wars vs Onslaught\Cross Wars vs Onslaught\ArmyScreen.cpp,ArmyScreen::Update(),16,16,8,3,0,0,0,0,
C:\Users\Styn\Documents\Visual Studio 2015\Projects\Cross Wars vs Onslaught\Cross Wars vs Onslaught\ArmyScreen.cpp,ArmyScreen::Draw(),47,41,25,5,6,0,0,0,
C:\Users\Styn\Documents\Visual Studio 2015\Projects\Cross Wars vs Onslaught\Cross Wars vs Onslaught\ArmyScreen.cpp,ArmyScreen::Unload(),2,1,1,0,1,0,0,0,
C:\Users\Styn\Documents\Visual Studio 2015\Projects\Cross Wars vs Onslaught\Cross Wars vs Onslaught\ArmyScreen.cpp,ArmyScreen::PollInput(),88,87,51,8,1,0,0,0,
C:\Users\Styn\Documents\Visual Studio 2015\Projects\Cross Wars vs Onslaught\Cross Wars vs Onslaught\ArmyScreen.cpp,ArmyScreen::UpdateCursorPosition(),2,2,2,0,0,0,0,0,
C:\Users\Styn\Documents\Visual Studio 2015\Projects\Cross Wars vs Onslaught\Cross Wars vs Onslaught\ArmyScreen.cpp,ArmyScreen::LimitUnits(int _UnitLimit),23,20,12,4,3,0,0,0,
C:\Users\Styn\Documents\Visual Studio 2015\Projects\Cross Wars vs Onslaught\Cross Wars vs Onslaught\ArmyScreen.cpp,ArmyScreen::TradeBetweenUnits(Unit* _pUnit),13,13,9,1,0,0,0,0,
C:\Users\Styn\Documents\Visual Studio 2015\Projects\Cross Wars vs Onslaught\Cross Wars vs Onslaught\AStar.cpp,AStar::AStar(),1,1,1,0,0,0,0,0,
C:\Users\Styn\Documents\Visual Studio 2015\Projects\Cross Wars vs Onslaught\Cross Wars vs Onslaught\AStar.cpp,"AStar::GeneratePath(sf::Vector2f startPos, sf::Vector2i endPos, std::vector<sf::Vector2f> _EnemyPos)",61,52,36,13,9,0,0,0,
C:\Users\Styn\Documents\Visual Studio 2015\Projects\Cross Wars vs Onslaught\Cross Wars vs Onslaught\AStar.cpp,AStar::NodesToMovementTiles(const std::vector<Node*> &Nodes),18,15,11,3,3,0,0,0,
C:\Users\Styn\Documents\Visual Studio 2015\Projects\Cross Wars vs Onslaught\Cross Wars vs Onslaught\AStar.cpp,"AStar::GetNodeFromWorldPosition(int _x, int _y, const std::vector<std::vector<Node*>> &_pNodeMap)",13,12,6,5,1,0,0,0,
C:\Users\Styn\Documents\Visual Studio 2015\Projects\Cross Wars vs Onslaught\Cross Wars vs Onslaught\AStar.cpp,AStar::CollisionLayerToNodes(std::vector<std::vector<Tile*>>* _CollisionLayer),14,12,10,3,2,0,0,0,
C:\Users\Styn\Documents\Visual Studio 2015\Projects\Cross Wars vs Onslaught\Cross Wars vs Onslaught\AStar.cpp,"AStar::GetDistance(Node* nodeA, Node* nodeB)",5,4,4,1,1,0,0,0,
C:\Users\Styn\Documents\Visual Studio 2015\Projects\Cross Wars vs Onslaught\Cross Wars vs Onslaught\AStar.cpp,"AStar::GetNeighbours(Node* _pNode, std::vector<std::vector<Node*>>& _pNodeMap)",22,19,13,5,3,0,0,0,
C:\Users\Styn\Documents\Visual Studio 2015\Projects\Cross Wars vs Onslaught\Cross Wars vs Onslaught\AStar.cpp,"AStar::Remove(std::vector<Node*>* _pVector, Node* _pNode)",5,5,5,0,0,0,0,0,
C:\Users\Styn\Documents\Visual Studio 2015\Projects\Cross Wars vs Onslaught\Cross Wars vs Onslaught\AStar.cpp,"AStar::EnemyAtPosition(Node* _pNode, const std::vector<sf::Vector2f> &_Positions)",9,9,5,4,0,0,0,0,
C:\Users\Styn\Documents\Visual Studio 2015\Projects\Cross Wars vs Onslaught\Cross Wars vs Onslaught\AvailableMission.cpp,AvailableMission::AvailableMission(std::string _FileName),2,2,2,0,0,0,0,0,
C:\Users\Styn\Documents\Visual Studio 2015\Projects\Cross Wars vs Onslaught\Cross Wars vs Onslaught\AvailableMission.cpp,AvailableMission::~AvailableMission(),1,1,1,0,0,0,0,0,
C:\Users\Styn\Documents\Visual Studio 2015\Projects\Cross Wars vs Onslaught\Cross Wars vs Onslaught\AvailableMission.cpp,AvailableMission::Run(),2,2,2,0,0,0,0,0,
C:\Users\Styn\Documents\Visual Studio 2015\Projects\Cross Wars vs Onslaught\Cross Wars vs Onslaught\BarracksScreen.cpp,BarracksScreen::BarracksScreen(sf::RenderWindow* _pRenderWindow),31,22,22,0,9,0,0,0,
C:\Users\Styn\Documents\Visual Studio 2015\Projects\Cross Wars vs Onslaught\Cross Wars vs Onslaught\BarracksScreen.cpp,BarracksScreen::Start(),2,2,2,0,0,0,0,0,
C:\Users\Styn\Documents\Visual Studio 2015\Projects\Cross Wars vs Onslaught\Cross Wars vs Onslaught\BarracksScreen.cpp,BarracksScreen::Update(),2,2,2,0,0,0,0,0,
C:\Users\Styn\Documents\Visual Studio 2015\Projects\Cross Wars vs Onslaught\Cross Wars vs Onslaught\BarracksScreen.cpp,BarracksScreen::PollInput(),35,34,18,5,1,0,0,0,
C:\Users\Styn\Documents\Visual Studio 2015\Projects\Cross Wars vs Onslaught\Cross Wars vs Onslaught\BarracksScreen.cpp,BarracksScreen::~BarracksScreen(),1,1,1,0,0,0,0,0,
C:\Users\Styn\Documents\Visual Studio 2015\Projects\Cross Wars vs Onslaught\Cross Wars vs Onslaught\BarracksScreen.cpp,BarracksScreen::Draw(),15,12,10,1,3,0,0,0,
C:\Users\Styn\Documents\Visual Studio 2015\Projects\Cross Wars vs Onslaught\Cross Wars vs Onslaught\BarracksScreen.cpp,BarracksScreen::Unload(),2,1,1,0,1,0,0,0,
C:\Users\Styn\Documents\Visual Studio 2015\Projects\Cross Wars vs Onslaught\Cross Wars vs Onslaught\BarracksScreen.cpp,BarracksScreen::OpenArmyScreen(),2,2,2,0,0,0,0,0,
C:\Users\Styn\Documents\Visual Studio 2015\Projects\Cross Wars vs Onslaught\Cross Wars vs Onslaught\BarracksScreen.cpp,BarracksScreen::OpenMissionScreen(),2,2,2,0,0,0,0,0,
C:\Users\Styn\Documents\Visual Studio 2015\Projects\Cross Wars vs Onslaught\Cross Wars vs Onslaught\BarracksScreen.cpp,"BarracksScreen::SetChapter(std::string _ID, std::string _MissionName, int _UnitLimit)",8,7,7,0,1,0,0,0,
C:\Users\Styn\Documents\Visual Studio 2015\Projects\Cross Wars vs Onslaught\Cross Wars vs Onslaught\BarracksScreen.cpp,BarracksScreen::ResetBarracks(),6,5,5,0,1,0,0,0,
C:\Users\Styn\Documents\Visual Studio 2015\Projects\Cross Wars vs Onslaught\Cross Wars vs Onslaught\BarracksScreen.cpp,BarracksScreen::StartMission(),2,2,2,0,0,0,0,0,
C:\Users\Styn\Documents\Visual Studio 2015\Projects\Cross Wars vs Onslaught\Cross Wars vs Onslaught\Battle.cpp,Battle::Battle(std::string _MapID),2,2,2,0,0,0,0,0,
C:\Users\Styn\Documents\Visual Studio 2015\Projects\Cross Wars vs Onslaught\Cross Wars vs Onslaught\Battle.cpp,Battle::~Battle(),1,1,1,0,0,0,0,0,
C:\Users\Styn\Documents\Visual Studio 2015\Projects\Cross Wars vs Onslaught\Cross Wars vs Onslaught\Battle.cpp,Battle::Run(),3,3,3,0,0,0,0,0,
C:\Users\Styn\Documents\Visual Studio 2015\Projects\Cross Wars vs Onslaught\Cross Wars vs Onslaught\BattleCharScreen.cpp,BattleCharScreen::BattleCharScreen(sf::RenderWindow* _pRenderWindow),47,36,34,1,11,0,0,0,
C:\Users\Styn\Documents\Visual Studio 2015\Projects\Cross Wars vs Onslaught\Cross Wars vs Onslaught\BattleCharScreen.cpp,BattleCharScreen::~BattleCharScreen(),8,6,6,0,2,0,0,0,
C:\Users\Styn\Documents\Visual Studio 2015\Projects\Cross Wars vs Onslaught\Cross Wars vs Onslaught\BattleCharScreen.cpp,BattleCharScreen::Draw(),23,19,13,2,4,0,0,0,
C:\Users\Styn\Documents\Visual Studio 2015\Projects\Cross Wars vs Onslaught\Cross Wars vs Onslaught\BattleCharScreen.cpp,BattleCharScreen::InitStats(),63,47,41,3,12,0,4,36,
C:\Users\Styn\Documents\Visual Studio 2015\Projects\Cross Wars vs Onslaught\Cross Wars vs Onslaught\BattleCharScreen.cpp,BattleCharScreen::InitInventory(),41,32,26,3,9,0,0,0,
C:\Users\Styn\Documents\Visual Studio 2015\Projects\Cross Wars vs Onslaught\Cross Wars vs Onslaught\BattleCharScreen.cpp,BattleCharScreen::InitSkills(),20,15,11,2,5,0,0,0,
C:\Users\Styn\Documents\Visual Studio 2015\Projects\Cross Wars vs Onslaught\Cross Wars vs Onslaught\BattleCharScreen.cpp,BattleCharScreen::DrawInventory(),16,14,10,2,2,0,0,0,
C:\Users\Styn\Documents\Visual Studio 2015\Projects\Cross Wars vs Onslaught\Cross Wars vs Onslaught\BattleCharScreen.cpp,BattleCharScreen::DrawSkills(),5,5,3,1,0,0,0,0,
C:\Users\Styn\Documents\Visual Studio 2015\Projects\Cross Wars vs Onslaught\Cross Wars vs Onslaught\BattleCharScreen.cpp,BattleCharScreen::DrawStats(),11,10,8,1,1,0,0,0,
C:\Users\Styn\Documents\Visual Studio 2015\Projects\Cross Wars vs Onslaught\Cross Wars vs Onslaught\BattleCharScreen.cpp,BattleCharScreen::ChangeUnit(Unit* _pNewUnit),17,14,14,0,3,0,0,0,
C:\Users\Styn\Documents\Visual Studio 2015\Projects\Cross Wars vs Onslaught\Cross Wars vs Onslaught\BattleCharScreen.cpp,BattleCharScreen::UnsetUnit(),4,4,4,0,0,0,0,0,
C:\Users\Styn\Documents\Visual Studio 2015\Projects\Cross Wars vs Onslaught\Cross Wars vs Onslaught\BattleCharScreen.cpp,BattleCharScreen::Update(),2,1,1,0,1,0,0,0,
C:\Users\Styn\Documents\Visual Studio 2015\Projects\Cross Wars vs Onslaught\Cross Wars vs Onslaught\BattleCharScreen.cpp,BattleCharScreen::Unload(),2,2,2,0,0,0,0,0,
C:\Users\Styn\Documents\Visual Studio 2015\Projects\Cross Wars vs Onslaught\Cross Wars vs Onslaught\BattleCharScreen.cpp,BattleCharScreen::PollInput(),2,1,1,0,1,0,0,0,
C:\Users\Styn\Documents\Visual Studio 2015\Projects\Cross Wars vs Onslaught\Cross Wars vs Onslaught\BattleDialogueOverlay.cpp,BattleDialogueOverlay::BattleDialogueOverlay(sf::RenderWindow* _pRenderWindow),21,17,17,0,4,0,0,0,
C:\Users\Styn\Documents\Visual Studio 2015\Projects\Cross Wars vs Onslaught\Cross Wars vs Onslaught\BattleDialogueOverlay.cpp,BattleDialogueOverlay::~BattleDialogueOverlay(),1,1,1,0,0,0,0,0,
C:\Users\Styn\Documents\Visual Studio 2015\Projects\Cross Wars vs Onslaught\Cross Wars vs Onslaught\BattleDialogueOverlay.cpp,BattleDialogueOverlay::Load(),2,1,1,0,1,0,0,0,
C:\Users\Styn\Documents\Visual Studio 2015\Projects\Cross Wars vs Onslaught\Cross Wars vs Onslaught\BattleDialogueOverlay.cpp,BattleDialogueOverlay::Update(),10,9,7,1,1,0,0,0,
C:\Users\Styn\Documents\Visual Studio 2015\Projects\Cross Wars vs Onslaught\Cross Wars vs Onslaught\BattleDialogueOverlay.cpp,BattleDialogueOverlay::Draw(),14,10,10,0,4,0,0,0,
C:\Users\Styn\Documents\Visual Studio 2015\Projects\Cross Wars vs Onslaught\Cross Wars vs Onslaught\BattleDialogueOverlay.cpp,BattleDialogueOverlay::Unload(),2,1,1,0,1,0,0,0,
C:\Users\Styn\Documents\Visual Studio 2015\Projects\Cross Wars vs Onslaught\Cross Wars vs Onslaught\BattleDialogueOverlay.cpp,BattleDialogueOverlay::Hide(),2,1,1,0,1,0,0,0,
C:\Users\Styn\Documents\Visual Studio 2015\Projects\Cross Wars vs Onslaught\Cross Wars vs Onslaught\BattleDialogueOverlay.cpp,BattleDialogueOverlay::PollInput(),5,5,3,1,0,0,0,0,
C:\Users\Styn\Documents\Visual Studio 2015\Projects\Cross Wars vs Onslaught\Cross Wars vs Onslaught\BattleDialogueOverlay.cpp,BattleDialogueOverlay::CheckScene(),4,4,3,1,0,0,0,0,
C:\Users\Styn\Documents\Visual Studio 2015\Projects\Cross Wars vs Onslaught\Cross Wars vs Onslaught\BattleDialogueOverlay.cpp,BattleDialogueOverlay::NextScene(),12,12,9,1,0,0,0,0,
C:\Users\Styn\Documents\Visual Studio 2015\Projects\Cross Wars vs Onslaught\Cross Wars vs Onslaught\BattleDialogueOverlay.cpp,BattleDialogueOverlay::Popscene(),2,2,2,0,0,0,0,0,
C:\Users\Styn\Documents\Visual Studio 2015\Projects\Cross Wars vs Onslaught\Cross Wars vs Onslaught\BattleDialogueOverlay.cpp,BattleDialogueOverlay::LoadDialogue(std::string _SceneName),23,17,15,1,6,0,0,0,
C:\Users\Styn\Documents\Visual Studio 2015\Projects\Cross Wars vs Onslaught\Cross Wars vs Onslaught\BattleOutcome.cpp,"BattleOutcome::BattleOutcome(Unit* _pAttacker, Unit* _pDefender, Unit* _pAttacksupport, Unit* _pDefendsupport)",16,13,13,0,3,0,0,0,
C:\Users\Styn\Documents\Visual Studio 2015\Projects\Cross Wars vs Onslaught\Cross Wars vs Onslaught\BattleOutcome.cpp,BattleOutcome::~BattleOutcome(),5,5,5,0,0,0,0,0,
C:\Users\Styn\Documents\Visual Studio 2015\Projects\Cross Wars vs Onslaught\Cross Wars vs Onslaught\BattleOutcome.cpp,BattleOutcome::CalculateBattleOutcome(),73,62,38,10,10,0,1,9,
C:\Users\Styn\Documents\Visual Studio 2015\Projects\Cross Wars vs Onslaught\Cross Wars vs Onslaught\BattleOutcome.cpp,BattleOutcome::GetSupportBestStat(Unit* _pSupportUnit),22,19,15,3,3,0,0,0,
C:\Users\Styn\Documents\Visual Studio 2015\Projects\Cross Wars vs Onslaught\Cross Wars vs Onslaught\BattleOutcomeScreen.cpp,"BattleOutcomeScreen::BattleOutcomeScreen(sf::RenderWindow* _pWindow, LevelScreen* _pLevelScreen)",56,44,44,0,12,0,0,0,
C:\Users\Styn\Documents\Visual Studio 2015\Projects\Cross Wars vs Onslaught\Cross Wars vs Onslaught\BattleOutcomeScreen.cpp,BattleOutcomeScreen::~BattleOutcomeScreen(),1,1,1,0,0,0,0,0,
C:\Users\Styn\Documents\Visual Studio 2015\Projects\Cross Wars vs Onslaught\Cross Wars vs Onslaught\BattleOutcomeScreen.cpp,BattleOutcomeScreen::Draw(),28,22,18,2,6,0,0,0,
C:\Users\Styn\Documents\Visual Studio 2015\Projects\Cross Wars vs Onslaught\Cross Wars vs Onslaught\BattleOutcomeScreen.cpp,BattleOutcomeScreen::Update(),2,1,1,0,1,0,0,0,
C:\Users\Styn\Documents\Visual Studio 2015\Projects\Cross Wars vs Onslaught\Cross Wars vs Onslaught\BattleOutcomeScreen.cpp,BattleOutcomeScreen::SetNewOutcome(BattleOutcome* _pBattleOutcome),57,44,40,2,13,0,0,0,
C:\Users\Styn\Documents\Visual Studio 2015\Projects\Cross Wars vs Onslaught\Cross Wars vs Onslaught\BattleOutcomeScreen.cpp,BattleOutcomeScreen::Unload(),2,2,2,0,0,0,0,0,
C:\Users\Styn\Documents\Visual Studio 2015\Projects\Cross Wars vs Onslaught\Cross Wars vs Onslaught\BattleOutcomeScreen.cpp,BattleOutcomeScreen::Hide(),2,1,1,0,1,0,0,0,
C:\Users\Styn\Documents\Visual Studio 2015\Projects\Cross Wars vs Onslaught\Cross Wars vs Onslaught\BattleOutcomeScreen.cpp,BattleOutcomeScreen::PollInput(),23,22,12,3,1,0,0,0,
C:\Users\Styn\Documents\Visual Studio 2015\Projects\Cross Wars vs Onslaught\Cross Wars vs Onslaught\BattleOutcomeScreen.cpp,BattleOutcomeScreen::Load(),2,1,1,0,1,0,0,0,
C:\Users\Styn\Documents\Visual Studio 2015\Projects\Cross Wars vs Onslaught\Cross Wars vs Onslaught\BattleScreen.cpp,BattleScreen::BattleScreen(sf::RenderWindow* _pRenderWindow),117,94,94,0,23,0,0,0,
C:\Users\Styn\Documents\Visual Studio 2015\Projects\Cross Wars vs Onslaught\Cross Wars vs Onslaught\BattleScreen.cpp,BattleScreen::~BattleScreen(),4,4,4,0,0,0,0,0,
C:\Users\Styn\Documents\Visual Studio 2015\Projects\Cross Wars vs Onslaught\Cross Wars vs Onslaught\BattleScreen.cpp,BattleScreen::Draw(),147,121,81,16,26,0,0,0,
C:\Users\Styn\Documents\Visual Studio 2015\Projects\Cross Wars vs Onslaught\Cross Wars vs Onslaught\BattleScreen.cpp,BattleScreen::Update(),548,476,306,54,64,0,8,28,
C:\Users\Styn\Documents\Visual Studio 2015\Projects\Cross Wars vs Onslaught\Cross Wars vs Onslaught\BattleScreen.cpp,BattleScreen::LevelUp(Unit* _pUnit),102,82,72,5,20,0,0,0,
C:\Users\Styn\Documents\Visual Studio 2015\Projects\Cross Wars vs Onslaught\Cross Wars vs Onslaught\BattleScreen.cpp,BattleScreen::ResetGains(),6,6,6,0,0,0,0,0,
C:\Users\Styn\Documents\Visual Studio 2015\Projects\Cross Wars vs Onslaught\Cross Wars vs Onslaught\BattleScreen.cpp,BattleScreen::Unload(),39,31,31,0,8,0,0,0,
C:\Users\Styn\Documents\Visual Studio 2015\Projects\Cross Wars vs Onslaught\Cross Wars vs Onslaught\BattleScreen.cpp,"BattleScreen::InitBattle(BattleOutcome* _pBattle, std::string _scene)",73,50,46,2,23,0,0,0,
C:\Users\Styn\Documents\Visual Studio 2015\Projects\Cross Wars vs Onslaught\Cross Wars vs Onslaught\BattleScreen.cpp,BattleScreen::GetSnapshot(),22,16,16,1,6,0,0,0,
C:\Users\Styn\Documents\Visual Studio 2015\Projects\Cross Wars vs Onslaught\Cross Wars vs Onslaught\BattleScreen.cpp,BattleScreen::PollInput(),15,13,7,3,2,0,0,0,
C:\Users\Styn\Documents\Visual Studio 2015\Projects\Cross Wars vs Onslaught\Cross Wars vs Onslaught\Camera.cpp,Camera::Camera(sf::FloatRect _rect),2,2,2,0,0,0,0,0,
C:\Users\Styn\Documents\Visual Studio 2015\Projects\Cross Wars vs Onslaught\Cross Wars vs Onslaught\Camera.cpp,Camera::~Camera(),2,1,1,0,1,0,0,0,
C:\Users\Styn\Documents\Visual Studio 2015\Projects\Cross Wars vs Onslaught\Cross Wars vs Onslaught\Camera.cpp,Camera::DrawUpdate(),2,2,2,0,0,0,0,0,
C:\Users\Styn\Documents\Visual Studio 2015\Projects\Cross Wars vs Onslaught\Cross Wars vs Onslaught\Chapter.cpp,Chapter::Chapter(),1,1,1,0,0,0,0,0,
C:\Users\Styn\Documents\Visual Studio 2015\Projects\Cross Wars vs Onslaught\Cross Wars vs Onslaught\Chapter.cpp,Chapter::~Chapter(),1,1,1,0,0,0,0,0,
C:\Users\Styn\Documents\Visual Studio 2015\Projects\Cross Wars vs Onslaught\Cross Wars vs Onslaught\Chapter.cpp,Chapter::LoadBattle(const std::string& _id),2,2,2,0,0,0,0,0,
C:\Users\Styn\Documents\Visual Studio 2015\Projects\Cross Wars vs Onslaught\Cross Wars vs Onslaught\Chapter.cpp,Chapter::LoadIntermission(const std::string& _id),2,2,2,0,0,0,0,0,
C:\Users\Styn\Documents\Visual Studio 2015\Projects\Cross Wars vs Onslaught\Cross Wars vs Onslaught\Chapter.cpp,Chapter::LoadScene(const std::string& _id),2,2,2,0,0,0,0,0,
C:\Users\Styn\Documents\Visual Studio 2015\Projects\Cross Wars vs Onslaught\Cross Wars vs Onslaught\Chapter.cpp,Chapter::AddUnit(const std::string& _id),2,2,2,0,0,0,0,0,
C:\Users\Styn\Documents\Visual Studio 2015\Projects\Cross Wars vs Onslaught\Cross Wars vs Onslaught\Chapter.cpp,Chapter::AddItem(const std::string& _id),2,2,2,0,0,0,0,0,
C:\Users\Styn\Documents\Visual Studio 2015\Projects\Cross Wars vs Onslaught\Cross Wars vs Onslaught\Chapter.cpp,Chapter::ShowChapterScreen(),2,2,2,0,0,0,0,0,
C:\Users\Styn\Documents\Visual Studio 2015\Projects\Cross Wars vs Onslaught\Cross Wars vs Onslaught\Chapter.cpp,Chapter::ChapterFlow(),9,9,6,1,0,0,0,0,
C:\Users\Styn\Documents\Visual Studio 2015\Projects\Cross Wars vs Onslaught\Cross Wars vs Onslaught\ChapterScreen.cpp,ChapterScreen::ChapterScreen(sf::RenderWindow* _pRenderWindow),14,10,10,0,4,0,0,0,
C:\Users\Styn\Documents\Visual Studio 2015\Projects\Cross Wars vs Onslaught\Cross Wars vs Onslaught\ChapterScreen.cpp,ChapterScreen::~ChapterScreen(),1,1,1,0,0,0,0,0,
C:\Users\Styn\Documents\Visual Studio 2015\Projects\Cross Wars vs Onslaught\Cross Wars vs Onslaught\ChapterScreen.cpp,ChapterScreen::Update(),15,13,7,2,2,0,0,0,
C:\Users\Styn\Documents\Visual Studio 2015\Projects\Cross Wars vs Onslaught\Cross Wars vs Onslaught\ChapterScreen.cpp,ChapterScreen::Start(),4,4,4,0,0,0,0,0,
C:\Users\Styn\Documents\Visual Studio 2015\Projects\Cross Wars vs Onslaught\Cross Wars vs Onslaught\ChapterScreen.cpp,ChapterScreen::Draw(),18,14,10,1,4,0,0,0,
C:\Users\Styn\Documents\Visual Studio 2015\Projects\Cross Wars vs Onslaught\Cross Wars vs Onslaught\ChapterScreen.cpp,ChapterScreen::Unload(),2,1,1,0,1,0,0,0,
C:\Users\Styn\Documents\Visual Studio 2015\Projects\Cross Wars vs Onslaught\Cross Wars vs Onslaught\ChapterScreen.cpp,ChapterScreen::PollInput(),2,1,1,0,1,0,0,0,
C:\Users\Styn\Documents\Visual Studio 2015\Projects\Cross Wars vs Onslaught\Cross Wars vs Onslaught\ChapterScreen.cpp,ChapterScreen::SetChapterName(std::string _ChapterName),4,4,4,0,0,0,0,0,
C:\Users\Styn\Documents\Visual Studio 2015\Projects\Cross Wars vs Onslaught\Cross Wars vs Onslaught\Character.cpp,Character::Character(),1,1,1,0,0,0,0,0,
C:\Users\Styn\Documents\Visual Studio 2015\Projects\Cross Wars vs Onslaught\Cross Wars vs Onslaught\Character.cpp,Character::~Character(),1,1,1,0,0,0,0,0,
C:\Users\Styn\Documents\Visual Studio 2015\Projects\Cross Wars vs Onslaught\Cross Wars vs Onslaught\Character.cpp,Character::Character(Character* _Character),12,12,12,0,0,0,0,0,
C:\Users\Styn\Documents\Visual Studio 2015\Projects\Cross Wars vs Onslaught\Cross Wars vs Onslaught\CharScreen.cpp,CharScreen::CharScreen(sf::RenderWindow* _pRenderWindow),22,15,15,0,7,0,0,0,
C:\Users\Styn\Documents\Visual Studio 2015\Projects\Cross Wars vs Onslaught\Cross Wars vs Onslaught\CharScreen.cpp,CharScreen::~CharScreen(),1,1,1,0,0,0,0,0,
C:\Users\Styn\Documents\Visual Studio 2015\Projects\Cross Wars vs Onslaught\Cross Wars vs Onslaught\CharScreen.cpp,CharScreen::Start(),2,2,2,0,0,0,0,0,
C:\Users\Styn\Documents\Visual Studio 2015\Projects\Cross Wars vs Onslaught\Cross Wars vs Onslaught\CharScreen.cpp,CharScreen::Update(),15,15,9,2,0,0,0,0,
C:\Users\Styn\Documents\Visual Studio 2015\Projects\Cross Wars vs Onslaught\Cross Wars vs Onslaught\CharScreen.cpp,CharScreen::Draw(),9,8,6,1,1,0,0,0,
C:\Users\Styn\Documents\Visual Studio 2015\Projects\Cross Wars vs Onslaught\Cross Wars vs Onslaught\CharScreen.cpp,CharScreen::PollInput(),26,25,13,4,1,0,0,0,
C:\Users\Styn\Documents\Visual Studio 2015\Projects\Cross Wars vs Onslaught\Cross Wars vs Onslaught\CharScreen.cpp,CharScreen::Unload(),3,3,3,0,0,0,0,0,
C:\Users\Styn\Documents\Visual Studio 2015\Projects\Cross Wars vs Onslaught\Cross Wars vs Onslaught\Core.cpp,CrashHandler(),11,9,7,1,2,0,0,0,
C:\Users\Styn\Documents\Visual Studio 2015\Projects\Cross Wars vs Onslaught\Cross Wars vs Onslaught\Core.cpp,main(),126,69,63,3,34,0,23,86,
C:\Users\Styn\Documents\Visual Studio 2015\Projects\Cross Wars vs Onslaught\Cross Wars vs Onslaught\Cursor.cpp,"Cursor::Cursor(sf::Sprite* _pSprite, OWNER _Owner)",6,6,6,0,0,0,0,0,
C:\Users\Styn\Documents\Visual Studio 2015\Projects\Cross Wars vs Onslaught\Cross Wars vs Onslaught\Cursor.cpp,Cursor::~Cursor(),2,2,2,0,0,0,0,0,
C:\Users\Styn\Documents\Visual Studio 2015\Projects\Cross Wars vs Onslaught\Cross Wars vs Onslaught\Cursor.cpp,Cursor::SelectUnit(),8,7,5,1,1,0,0,0,
C:\Users\Styn\Documents\Visual Studio 2015\Projects\Cross Wars vs Onslaught\Cross Wars vs Onslaught\Cursor.cpp,Cursor::DeselectUnit(),3,3,3,0,0,0,0,0,
C:\Users\Styn\Documents\Visual Studio 2015\Projects\Cross Wars vs Onslaught\Cross Wars vs Onslaught\Cursor.cpp,Cursor::Think(),2,1,1,0,0,0,1,7,
C:\Users\Styn\Documents\Visual Studio 2015\Projects\Cross Wars vs Onslaught\Cross Wars vs Onslaught\Cursor.cpp,Cursor::Update(),2,2,2,0,0,0,0,0,
C:\Users\Styn\Documents\Visual Studio 2015\Projects\Cross Wars vs Onslaught\Cross Wars vs Onslaught\Cursor.cpp,"Cursor::Move(int _x, int _y)",14,11,9,1,3,0,0,0,
C:\Users\Styn\Documents\Visual Studio 2015\Projects\Cross Wars vs Onslaught\Cross Wars vs Onslaught\Cursor.cpp,Cursor::UnitUnderCursor(),2,2,2,1,0,0,0,0,
C:\Users\Styn\Documents\Visual Studio 2015\Projects\Cross Wars vs Onslaught\Cross Wars vs Onslaught\Cursor.cpp,Cursor::CheckUnderCursor(),14,14,10,1,0,0,0,0,
C:\Users\Styn\Documents\Visual Studio 2015\Projects\Cross Wars vs Onslaught\Cross Wars vs Onslaught\Dialogue.cpp,Dialogue::Dialogue(std::string _DialogueID),2,2,2,0,0,0,0,0,
C:\Users\Styn\Documents\Visual Studio 2015\Projects\Cross Wars vs Onslaught\Cross Wars vs Onslaught\Dialogue.cpp,Dialogue::~Dialogue(),1,1,1,0,0,0,0,0,
C:\Users\Styn\Documents\Visual Studio 2015\Projects\Cross Wars vs Onslaught\Cross Wars vs Onslaught\Dialogue.cpp,Dialogue::Run(),3,3,3,0,0,0,0,0,
C:\Users\Styn\Documents\Visual Studio 2015\Projects\Cross Wars vs Onslaught\Cross Wars vs Onslaught\DialogueScreen.cpp,DialogueScreen::Draw(),26,17,15,1,8,0,1,1,
C:\Users\Styn\Documents\Visual Studio 2015\Projects\Cross Wars vs Onslaught\Cross Wars vs Onslaught\DialogueScreen.cpp,DialogueScreen::Update(),11,9,7,1,2,0,0,0,
C:\Users\Styn\Documents\Visual Studio 2015\Projects\Cross Wars vs Onslaught\Cross Wars vs Onslaught\DialogueScreen.cpp,DialogueScreen::PollInput(),17,16,8,3,1,0,0,0,
C:\Users\Styn\Documents\Visual Studio 2015\Projects\Cross Wars vs Onslaught\Cross Wars vs Onslaught\DialogueScreen.cpp,DialogueScreen::CheckScene(),4,4,3,1,0,0,0,0,
C:\Users\Styn\Documents\Visual Studio 2015\Projects\Cross Wars vs Onslaught\Cross Wars vs Onslaught\DialogueScreen.cpp,DialogueScreen::NextScene(),12,12,9,1,0,0,0,0,
C:\Users\Styn\Documents\Visual Studio 2015\Projects\Cross Wars vs Onslaught\Cross Wars vs Onslaught\DialogueScreen.cpp,DialogueScreen::Popscene(),2,2,2,0,0,0,0,0,
C:\Users\Styn\Documents\Visual Studio 2015\Projects\Cross Wars vs Onslaught\Cross Wars vs Onslaught\DialogueScreen.cpp,DialogueScreen::LoadDialogue(std::string _scenename),51,41,31,4,10,0,0,0,
C:\Users\Styn\Documents\Visual Studio 2015\Projects\Cross Wars vs Onslaught\Cross Wars vs Onslaught\DialogueScreen.cpp,DialogueScreen::DialogueScreen(sf::RenderWindow* _pRenderWindow),29,24,22,1,5,0,0,0,
C:\Users\Styn\Documents\Visual Studio 2015\Projects\Cross Wars vs Onslaught\Cross Wars vs Onslaught\DialogueScreen.cpp,DialogueScreen::ClearScreen(),2,1,1,0,1,0,0,0,
C:\Users\Styn\Documents\Visual Studio 2015\Projects\Cross Wars vs Onslaught\Cross Wars vs Onslaught\DialogueScreen.cpp,DialogueScreen::~DialogueScreen(),9,9,9,0,0,0,0,0,
C:\Users\Styn\Documents\Visual Studio 2015\Projects\Cross Wars vs Onslaught\Cross Wars vs Onslaught\Entity.cpp,Entity::Entity(),2,2,2,0,0,0,0,0,
C:\Users\Styn\Documents\Visual Studio 2015\Projects\Cross Wars vs Onslaught\Cross Wars vs Onslaught\Entity.cpp,Entity::~Entity(),2,1,1,0,1,0,0,0,
C:\Users\Styn\Documents\Visual Studio 2015\Projects\Cross Wars vs Onslaught\Cross Wars vs Onslaught\Entity.cpp,Entity::generateGUID(),3,3,3,0,0,0,0,0,
C:\Users\Styn\Documents\Visual Studio 2015\Projects\Cross Wars vs Onslaught\Cross Wars vs Onslaught\Entity.cpp,"operator==(const Entity& Left, const Entity& Right)",2,2,2,1,0,0,0,0,
C:\Users\Styn\Documents\Visual Studio 2015\Projects\Cross Wars vs Onslaught\Cross Wars vs Onslaught\EventLogger.cpp,EventLogger::EventLogger(),1,1,1,0,0,0,0,0,
C:\Users\Styn\Documents\Visual Studio 2015\Projects\Cross Wars vs Onslaught\Cross Wars vs Onslaught\EventLogger.cpp,EventLogger::~EventLogger(),1,1,1,0,0,0,0,0,
C:\Users\Styn\Documents\Visual Studio 2015\Projects\Cross Wars vs Onslaught\Cross Wars vs Onslaught\EventLogger.cpp,EventLogger::Dump(),9,7,6,1,2,0,0,0,
C:\Users\Styn\Documents\Visual Studio 2015\Projects\Cross Wars vs Onslaught\Cross Wars vs Onslaught\EventLogger.cpp,EventLogger::Init(),3,3,3,0,0,0,0,0,
C:\Users\Styn\Documents\Visual Studio 2015\Projects\Cross Wars vs Onslaught\Cross Wars vs Onslaught\FlagManager.cpp,FlagManager::LoadFlags(),263,262,5,1,1,0,0,0,
C:\Users\Styn\Documents\Visual Studio 2015\Projects\Cross Wars vs Onslaught\Cross Wars vs Onslaught\FlagManager.cpp,FlagManager::FlagSet(std::string _Adress),2,2,2,1,0,0,0,0,
C:\Users\Styn\Documents\Visual Studio 2015\Projects\Cross Wars vs Onslaught\Cross Wars vs Onslaught\FlagManager.cpp,FlagManager::SetFlag(std::string _Adress),2,2,2,0,0,0,0,0,
C:\Users\Styn\Documents\Visual Studio 2015\Projects\Cross Wars vs Onslaught\Cross Wars vs Onslaught\FlagManager.cpp,FlagManager::UnsetFlag(std::string _Adress),2,2,2,0,0,0,0,0,
C:\Users\Styn\Documents\Visual Studio 2015\Projects\Cross Wars vs Onslaught\Cross Wars vs Onslaught\FlagManager.cpp,FlagManager::GetFlags(),2,2,2,1,0,0,0,0,
C:\Users\Styn\Documents\Visual Studio 2015\Projects\Cross Wars vs Onslaught\Cross Wars vs Onslaught\FloodFill.cpp,"FloodFill::FloodFillTiles(const std::vector<std::vector<Tile*>> &_Tiles, sf::Vector2f _Origin, int _MoveDistance, const std::vector<sf::Vector2f> &_EnemyPos)",62,49,33,10,12,0,1,3,
C:\Users\Styn\Documents\Visual Studio 2015\Projects\Cross Wars vs Onslaught\Cross Wars vs Onslaught\FloodFill.cpp,"FloodFill::Fill(MovementTile* _tile, int _x, int _y)",33,29,15,6,4,0,0,0,
C:\Users\Styn\Documents\Visual Studio 2015\Projects\Cross Wars vs Onslaught\Cross Wars vs Onslaught\FloodFill.cpp,FloodFill::QueueFill(MovementTile* _tile),70,61,36,11,9,0,0,0,
C:\Users\Styn\Documents\Visual Studio 2015\Projects\Cross Wars vs Onslaught\Cross Wars vs Onslaught\GameoverScreen.cpp,GameoverScreen::GameoverScreen(sf::RenderWindow* _pRenderWindow),7,5,5,0,2,0,0,0,
C:\Users\Styn\Documents\Visual Studio 2015\Projects\Cross Wars vs Onslaught\Cross Wars vs Onslaught\GameoverScreen.cpp,GameoverScreen::~GameoverScreen(),1,1,1,0,0,0,0,0,
C:\Users\Styn\Documents\Visual Studio 2015\Projects\Cross Wars vs Onslaught\Cross Wars vs Onslaught\GameoverScreen.cpp,GameoverScreen::Start(),3,3,3,0,0,0,0,0,
C:\Users\Styn\Documents\Visual Studio 2015\Projects\Cross Wars vs Onslaught\Cross Wars vs Onslaught\GameoverScreen.cpp,GameoverScreen::Draw(),3,3,3,0,0,0,0,0,
C:\Users\Styn\Documents\Visual Studio 2015\Projects\Cross Wars vs Onslaught\Cross Wars vs Onslaught\GameoverScreen.cpp,GameoverScreen::Unload(),1,1,1,0,0,0,0,0,
C:\Users\Styn\Documents\Visual Studio 2015\Projects\Cross Wars vs Onslaught\Cross Wars vs Onslaught\GameoverScreen.cpp,GameoverScreen::PollInput(),17,16,8,3,1,0,0,0,
C:\Users\Styn\Documents\Visual Studio 2015\Projects\Cross Wars vs Onslaught\Cross Wars vs Onslaught\GameScreen.cpp,GameScreen::GameScreen(sf::RenderWindow* _pRenderWindow),4,4,4,0,0,0,0,0,
C:\Users\Styn\Documents\Visual Studio 2015\Projects\Cross Wars vs Onslaught\Cross Wars vs Onslaught\GameScreen.cpp,GameScreen::~GameScreen(),1,1,1,0,0,0,0,0,
C:\Users\Styn\Documents\Visual Studio 2015\Projects\Cross Wars vs Onslaught\Cross Wars vs Onslaught\GameScreen.cpp,GameScreen::PollInput(),10,9,5,2,1,0,0,0,
C:\Users\Styn\Documents\Visual Studio 2015\Projects\Cross Wars vs Onslaught\Cross Wars vs Onslaught\GameScreenOverlay.cpp,GameScreenOverlay::GameScreenOverlay(sf::RenderWindow* _pWindow),4,4,4,0,0,0,0,0,
C:\Users\Styn\Documents\Visual Studio 2015\Projects\Cross Wars vs Onslaught\Cross Wars vs Onslaught\GameScreenOverlay.cpp,GameScreenOverlay::~GameScreenOverlay(),1,1,1,0,0,0,0,0,
C:\Users\Styn\Documents\Visual Studio 2015\Projects\Cross Wars vs Onslaught\Cross Wars vs Onslaught\GameState.cpp,GameState::GameState(),1,1,1,0,0,0,0,0,
C:\Users\Styn\Documents\Visual Studio 2015\Projects\Cross Wars vs Onslaught\Cross Wars vs Onslaught\GameState.cpp,GameState::~GameState(),1,1,1,0,0,0,0,0,
C:\Users\Styn\Documents\Visual Studio 2015\Projects\Cross Wars vs Onslaught\Cross Wars vs Onslaught\GameTime.cpp,GameTime::Update(),3,3,3,0,0,0,0,0,
C:\Users\Styn\Documents\Visual Studio 2015\Projects\Cross Wars vs Onslaught\Cross Wars vs Onslaught\GameTime.cpp,GameTime::Init(),3,3,3,0,0,0,0,0,
C:\Users\Styn\Documents\Visual Studio 2015\Projects\Cross Wars vs Onslaught\Cross Wars vs Onslaught\InnerMight.cpp,InnerMight::InnerMight(),5,5,5,0,0,0,0,0,
C:\Users\Styn\Documents\Visual Studio 2015\Projects\Cross Wars vs Onslaught\Cross Wars vs Onslaught\InnerMight.cpp,InnerMight::~InnerMight(),1,1,1,0,0,0,0,0,
C:\Users\Styn\Documents\Visual Studio 2015\Projects\Cross Wars vs Onslaught\Cross Wars vs Onslaught\InnerMight.cpp,"InnerMight::Trigger(Unit* _Equipped, Unit* _Enemy, BattleOutcome* _Battle)",2,2,2,0,0,0,0,0,
C:\Users\Styn\Documents\Visual Studio 2015\Projects\Cross Wars vs Onslaught\Cross Wars vs Onslaught\Intermission.cpp,Intermission::Intermission(std::string _IntermissionName),2,2,2,0,0,0,0,0,
C:\Users\Styn\Documents\Visual Studio 2015\Projects\Cross Wars vs Onslaught\Cross Wars vs Onslaught\Intermission.cpp,Intermission::~Intermission(),1,1,1,0,0,0,0,0,
C:\Users\Styn\Documents\Visual Studio 2015\Projects\Cross Wars vs Onslaught\Cross Wars vs Onslaught\Intermission.cpp,Intermission::Run(),3,3,3,0,0,0,0,0,
C:\Users\Styn\Documents\Visual Studio 2015\Projects\Cross Wars vs Onslaught\Cross Wars vs Onslaught\IntermissionScreen.cpp,IntermissionScreen::IntermissionScreen(sf::RenderWindow* _pRenderWindow),6,5,5,0,1,0,0,0,
C:\Users\Styn\Documents\Visual Studio 2015\Projects\Cross Wars vs Onslaught\Cross Wars vs Onslaught\IntermissionScreen.cpp,IntermissionScreen::~IntermissionScreen(),1,1,1,0,0,0,0,0,
C:\Users\Styn\Documents\Visual Studio 2015\Projects\Cross Wars vs Onslaught\Cross Wars vs Onslaught\IntermissionScreen.cpp,IntermissionScreen::Start(),6,5,5,0,1,0,0,0,
C:\Users\Styn\Documents\Visual Studio 2015\Projects\Cross Wars vs Onslaught\Cross Wars vs Onslaught\IntermissionScreen.cpp,IntermissionScreen::Update(),21,21,13,3,0,0,0,0,
C:\Users\Styn\Documents\Visual Studio 2015\Projects\Cross Wars vs Onslaught\Cross Wars vs Onslaught\IntermissionScreen.cpp,IntermissionScreen::Draw(),8,7,5,1,1,0,0,0,
C:\Users\Styn\Documents\Visual Studio 2015\Projects\Cross Wars vs Onslaught\Cross Wars vs Onslaught\IntermissionScreen.cpp,IntermissionScreen::LoadIntermission(std::string _IntermissionName),12,12,8,2,0,0,0,0,
C:\Users\Styn\Documents\Visual Studio 2015\Projects\Cross Wars vs Onslaught\Cross Wars vs Onslaught\IntermissionScreen.cpp,IntermissionScreen::Unload(),1,1,1,0,0,0,0,0,
C:\Users\Styn\Documents\Visual Studio 2015\Projects\Cross Wars vs Onslaught\Cross Wars vs Onslaught\Item.cpp,Item::Item(),2,2,2,0,0,0,0,0,
C:\Users\Styn\Documents\Visual Studio 2015\Projects\Cross Wars vs Onslaught\Cross Wars vs Onslaught\Item.cpp,Item::~Item(),2,2,2,0,0,0,0,0,
C:\Users\Styn\Documents\Visual Studio 2015\Projects\Cross Wars vs Onslaught\Cross Wars vs Onslaught\Item.cpp,Item::GenerateRandomGUID(),3,3,3,1,0,0,0,0,
C:\Users\Styn\Documents\Visual Studio 2015\Projects\Cross Wars vs Onslaught\Cross Wars vs Onslaught\ItemManager.cpp,ItemManager::ItemManager(),1,1,1,0,0,0,0,0,
C:\Users\Styn\Documents\Visual Studio 2015\Projects\Cross Wars vs Onslaught\Cross Wars vs Onslaught\ItemManager.cpp,ItemManager::~ItemManager(),2,2,2,0,0,0,0,0,
C:\Users\Styn\Documents\Visual Studio 2015\Projects\Cross Wars vs Onslaught\Cross Wars vs Onslaught\ItemManager.cpp,ItemManager::LoadItems(),21,10,7,2,2,0,9,31,
C:\Users\Styn\Documents\Visual Studio 2015\Projects\Cross Wars vs Onslaught\Cross Wars vs Onslaught\ItemManager.cpp,ItemManager::AddItem(Item* _item),2,2,3,0,0,0,0,0,
C:\Users\Styn\Documents\Visual Studio 2015\Projects\Cross Wars vs Onslaught\Cross Wars vs Onslaught\ItemManager.cpp,ItemManager::GetWeapon(std::string _ID),6,6,5,3,0,0,0,0,
C:\Users\Styn\Documents\Visual Studio 2015\Projects\Cross Wars vs Onslaught\Cross Wars vs Onslaught\ItemManager.cpp,ItemManager::GetItem(std::string _ID),15,15,9,6,0,0,0,0,
C:\Users\Styn\Documents\Visual Studio 2015\Projects\Cross Wars vs Onslaught\Cross Wars vs Onslaught\ItemManager.cpp,ItemManager::AddItemToStorage(Item* _pItem),2,2,2,0,0,0,0,0,
C:\Users\Styn\Documents\Visual Studio 2015\Projects\Cross Wars vs Onslaught\Cross Wars vs Onslaught\ItemManager.cpp,ItemManager::GetItemFromStorage(std::string _GUID),12,12,8,4,0,0,0,0,
C:\Users\Styn\Documents\Visual Studio 2015\Projects\Cross Wars vs Onslaught\Cross Wars vs Onslaught\ItemTradeOverlay.cpp,ItemTradeOverlay::ItemTradeOverlay(sf::RenderWindow* _pRenderWindow),21,14,14,0,7,0,0,0,
C:\Users\Styn\Documents\Visual Studio 2015\Projects\Cross Wars vs Onslaught\Cross Wars vs Onslaught\ItemTradeOverlay.cpp,ItemTradeOverlay::~ItemTradeOverlay(),1,1,1,0,0,0,0,0,
C:\Users\Styn\Documents\Visual Studio 2015\Projects\Cross Wars vs Onslaught\Cross Wars vs Onslaught\ItemTradeOverlay.cpp,ItemTradeOverlay::Update(),1,1,1,0,0,0,0,0,
C:\Users\Styn\Documents\Visual Studio 2015\Projects\Cross Wars vs Onslaught\Cross Wars vs Onslaught\ItemTradeOverlay.cpp,ItemTradeOverlay::Unload(),1,1,1,0,0,0,0,0,
C:\Users\Styn\Documents\Visual Studio 2015\Projects\Cross Wars vs Onslaught\Cross Wars vs Onslaught\ItemTradeOverlay.cpp,ItemTradeOverlay::Hide(),2,2,2,0,0,0,0,0,
C:\Users\Styn\Documents\Visual Studio 2015\Projects\Cross Wars vs Onslaught\Cross Wars vs Onslaught\ItemTradeOverlay.cpp,ItemTradeOverlay::PollInput(),158,153,83,19,5,0,0,0,
C:\Users\Styn\Documents\Visual Studio 2015\Projects\Cross Wars vs Onslaught\Cross Wars vs Onslaught\ItemTradeOverlay.cpp,ItemTradeOverlay::UpdateCursor(),9,9,5,1,0,0,0,0,
C:\Users\Styn\Documents\Visual Studio 2015\Projects\Cross Wars vs Onslaught\Cross Wars vs Onslaught\ItemTradeOverlay.cpp,ItemTradeOverlay::Load(),11,9,9,0,2,0,0,0,
C:\Users\Styn\Documents\Visual Studio 2015\Projects\Cross Wars vs Onslaught\Cross Wars vs Onslaught\ItemTradeOverlay.cpp,"ItemTradeOverlay::SetTraders(Unit* _pUnitOne, Unit* _pUnitTwo)",3,3,3,0,0,0,0,0,
C:\Users\Styn\Documents\Visual Studio 2015\Projects\Cross Wars vs Onslaught\Cross Wars vs Onslaught\ItemTradeOverlay.cpp,ItemTradeOverlay::InitInventories(),54,43,39,2,11,0,0,0,
C:\Users\Styn\Documents\Visual Studio 2015\Projects\Cross Wars vs Onslaught\Cross Wars vs Onslaught\ItemTradeOverlay.cpp,ItemTradeOverlay::DrawInventories(),54,50,32,5,4,0,0,0,
C:\Users\Styn\Documents\Visual Studio 2015\Projects\Cross Wars vs Onslaught\Cross Wars vs Onslaught\ItemTradeOverlay.cpp,ItemTradeOverlay::EmptyInventories(),13,11,7,2,2,0,0,0,
C:\Users\Styn\Documents\Visual Studio 2015\Projects\Cross Wars vs Onslaught\Cross Wars vs Onslaught\ItemTradeOverlay.cpp,ItemTradeOverlay::Draw(),10,7,7,0,3,0,0,0,
C:\Users\Styn\Documents\Visual Studio 2015\Projects\Cross Wars vs Onslaught\Cross Wars vs Onslaught\ItemTradeOverlay.cpp,ItemTradeOverlay::SwapItem(Unit* _pUnit),8,6,6,0,2,0,0,0,
C:\Users\Styn\Documents\Visual Studio 2015\Projects\Cross Wars vs Onslaught\Cross Wars vs Onslaught\ItemTradeOverlay.cpp,"ItemTradeOverlay::SwapBetweenUnits(int _FirstIndex, int _SecondIndex)",5,5,5,0,0,0,0,0,
C:\Users\Styn\Documents\Visual Studio 2015\Projects\Cross Wars vs Onslaught\Cross Wars vs Onslaught\ItemTradeOverlay.cpp,ItemTradeOverlay::Reset(),9,9,7,1,0,0,0,0,
C:\Users\Styn\Documents\Visual Studio 2015\Projects\Cross Wars vs Onslaught\Cross Wars vs Onslaught\KillAllObjective.cpp,KillAllObjective::KillAllObjective(Map* _pMap),2,1,1,0,1,0,0,0,
C:\Users\Styn\Documents\Visual Studio 2015\Projects\Cross Wars vs Onslaught\Cross Wars vs Onslaught\KillAllObjective.cpp,KillAllObjective::~KillAllObjective(),2,1,1,0,1,0,0,0,
C:\Users\Styn\Documents\Visual Studio 2015\Projects\Cross Wars vs Onslaught\Cross Wars vs Onslaught\KillAllObjective.cpp,KillAllObjective::CheckObjective(),5,5,3,1,0,0,0,0,
C:\Users\Styn\Documents\Visual Studio 2015\Projects\Cross Wars vs Onslaught\Cross Wars vs Onslaught\KillBossObjective.cpp,"KillBossObjective::KillBossObjective(Unit* _pBoss, Map* _pMap)",2,2,2,0,0,0,0,0,
C:\Users\Styn\Documents\Visual Studio 2015\Projects\Cross Wars vs Onslaught\Cross Wars vs Onslaught\KillBossObjective.cpp,KillBossObjective::~KillBossObjective(),1,1,1,0,0,0,0,0,
C:\Users\Styn\Documents\Visual Studio 2015\Projects\Cross Wars vs Onslaught\Cross Wars vs Onslaught\KillBossObjective.cpp,KillBossObjective::CheckObjective(),5,5,3,1,0,0,0,0,
C:\Users\Styn\Documents\Visual Studio 2015\Projects\Cross Wars vs Onslaught\Cross Wars vs Onslaught\LevelScreen.cpp,LevelScreen::LevelScreen(sf::RenderWindow* _pRenderWindow),52,38,38,0,14,0,0,0,
C:\Users\Styn\Documents\Visual Studio 2015\Projects\Cross Wars vs Onslaught\Cross Wars vs Onslaught\LevelScreen.cpp,LevelScreen::Unload(),3,3,3,0,0,0,0,0,
C:\Users\Styn\Documents\Visual Studio 2015\Projects\Cross Wars vs Onslaught\Cross Wars vs Onslaught\LevelScreen.cpp,LevelScreen::~LevelScreen(),4,4,4,0,0,0,0,0,
C:\Users\Styn\Documents\Visual Studio 2015\Projects\Cross Wars vs Onslaught\Cross Wars vs Onslaught\LevelScreen.cpp,LevelScreen::SetNewMap(Map* _pNewMap),29,23,21,1,6,0,0,0,
C:\Users\Styn\Documents\Visual Studio 2015\Projects\Cross Wars vs Onslaught\Cross Wars vs Onslaught\LevelScreen.cpp,LevelScreen::Start(),11,8,8,0,3,0,0,0,
C:\Users\Styn\Documents\Visual Studio 2015\Projects\Cross Wars vs Onslaught\Cross Wars vs Onslaught\LevelScreen.cpp,LevelScreen::CenterCameraAndCursorOnUnit(Unit* _pUnit),3,3,3,0,0,0,0,0,
C:\Users\Styn\Documents\Visual Studio 2015\Projects\Cross Wars vs Onslaught\Cross Wars vs Onslaught\LevelScreen.cpp,LevelScreen::CenterCameraOnCursor(Cursor* _pCursor),36,26,16,5,6,0,4,55,
C:\Users\Styn\Documents\Visual Studio 2015\Projects\Cross Wars vs Onslaught\Cross Wars vs Onslaught\LevelScreen.cpp,LevelScreen::Update(),131,111,60,18,6,0,14,108,
C:\Users\Styn\Documents\Visual Studio 2015\Projects\Cross Wars vs Onslaught\Cross Wars vs Onslaught\LevelScreen.cpp,LevelScreen::UpdateOverlay(),28,21,13,2,3,0,4,25,
C:\Users\Styn\Documents\Visual Studio 2015\Projects\Cross Wars vs Onslaught\Cross Wars vs Onslaught\LevelScreen.cpp,LevelScreen::Draw(),91,63,39,13,13,0,15,111,
C:\Users\Styn\Documents\Visual Studio 2015\Projects\Cross Wars vs Onslaught\Cross Wars vs Onslaught\LevelScreen.cpp,LevelScreen::GetSnapshot(),15,9,9,1,6,0,0,0,
C:\Users\Styn\Documents\Visual Studio 2015\Projects\Cross Wars vs Onslaught\Cross Wars vs Onslaught\LevelScreen.cpp,LevelScreen::EndTurn(),39,35,23,7,2,0,2,15,
C:\Users\Styn\Documents\Visual Studio 2015\Projects\Cross Wars vs Onslaught\Cross Wars vs Onslaught\LevelScreen.cpp,LevelScreen::HasUnitsLeft(),32,32,15,14,0,0,0,0,
C:\Users\Styn\Documents\Visual Studio 2015\Projects\Cross Wars vs Onslaught\Cross Wars vs Onslaught\LevelScreen.cpp,LevelScreen::ReactivateUnits(),15,13,7,3,2,0,0,0,
C:\Users\Styn\Documents\Visual Studio 2015\Projects\Cross Wars vs Onslaught\Cross Wars vs Onslaught\LevelScreen.cpp,LevelScreen::CullMap(),10,8,8,0,2,0,0,0,
C:\Users\Styn\Documents\Visual Studio 2015\Projects\Cross Wars vs Onslaught\Cross Wars vs Onslaught\LevelScreen.cpp,LevelScreen::UpdateUnits(),42,40,22,6,2,0,0,0,
C:\Users\Styn\Documents\Visual Studio 2015\Projects\Cross Wars vs Onslaught\Cross Wars vs Onslaught\LevelScreen.cpp,LevelScreen::DrawUnits(),37,30,18,6,6,0,1,9,
C:\Users\Styn\Documents\Visual Studio 2015\Projects\Cross Wars vs Onslaught\Cross Wars vs Onslaught\LevelScreen.cpp,LevelScreen::DrawVisualiser(),14,11,7,2,2,0,1,7,
C:\Users\Styn\Documents\Visual Studio 2015\Projects\Cross Wars vs Onslaught\Cross Wars vs Onslaught\LevelScreen.cpp,LevelScreen::PrepareAttack(),22,18,10,4,3,0,1,6,
C:\Users\Styn\Documents\Visual Studio 2015\Projects\Cross Wars vs Onslaught\Cross Wars vs Onslaught\LevelScreen.cpp,LevelScreen::DrawMovementTiles(),6,6,4,1,0,0,0,0,
C:\Users\Styn\Documents\Visual Studio 2015\Projects\Cross Wars vs Onslaught\Cross Wars vs Onslaught\LevelScreen.cpp,LevelScreen::DrawAttackTiles(),6,6,4,1,0,0,0,0,
C:\Users\Styn\Documents\Visual Studio 2015\Projects\Cross Wars vs Onslaught\Cross Wars vs Onslaught\LevelScreen.cpp,LevelScreen::Attack(BattleOutcome* _pBattle),15,8,8,0,3,0,4,16,
C:\Users\Styn\Documents\Visual Studio 2015\Projects\Cross Wars vs Onslaught\Cross Wars vs Onslaught\LevelScreen.cpp,LevelScreen::CanMoveToTile(sf::Vector2f _Position),10,10,6,4,0,0,0,0,
C:\Users\Styn\Documents\Visual Studio 2015\Projects\Cross Wars vs Onslaught\Cross Wars vs Onslaught\LevelScreen.cpp,LevelScreen::UnitInRange(sf::Vector2f _Position),9,9,5,4,0,0,0,0,
C:\Users\Styn\Documents\Visual Studio 2015\Projects\Cross Wars vs Onslaught\Cross Wars vs Onslaught\LevelScreen.cpp,LevelScreen::CursorDeselectUnit(),4,4,4,0,0,0,0,0,
C:\Users\Styn\Documents\Visual Studio 2015\Projects\Cross Wars vs Onslaught\Cross Wars vs Onslaught\LevelScreen.cpp,"LevelScreen::CanIndent(int _x, int _y)",20,18,10,9,2,0,0,0,
C:\Users\Styn\Documents\Visual Studio 2015\Projects\Cross Wars vs Onslaught\Cross Wars vs Onslaught\LevelScreen.cpp,LevelScreen::IsAtEdge(sf::Keyboard::Key _dir),31,29,15,14,2,0,0,0,
C:\Users\Styn\Documents\Visual Studio 2015\Projects\Cross Wars vs Onslaught\Cross Wars vs Onslaught\LevelScreen.cpp,LevelScreen::ClearUnitOverviewScreen(),2,2,2,0,0,0,0,0,
C:\Users\Styn\Documents\Visual Studio 2015\Projects\Cross Wars vs Onslaught\Cross Wars vs Onslaught\LevelScreen.cpp,LevelScreen::SetUnitOverviewScreen(Unit* _pNewUnit),2,2,2,0,0,0,0,0,
C:\Users\Styn\Documents\Visual Studio 2015\Projects\Cross Wars vs Onslaught\Cross Wars vs Onslaught\LevelScreen.cpp,LevelScreen::ShowTradeScreen(),3,3,3,0,0,0,0,0,
C:\Users\Styn\Documents\Visual Studio 2015\Projects\Cross Wars vs Onslaught\Cross Wars vs Onslaught\LevelScreen.cpp,LevelScreen::ShowInventoryScreen(Unit* _pUnit),3,3,3,0,0,0,0,0,
C:\Users\Styn\Documents\Visual Studio 2015\Projects\Cross Wars vs Onslaught\Cross Wars vs Onslaught\LevelScreen.cpp,LevelScreen::EndBattle(Unit* _pUnit),39,30,21,5,3,0,6,46,
C:\Users\Styn\Documents\Visual Studio 2015\Projects\Cross Wars vs Onslaught\Cross Wars vs Onslaught\LevelScreen.cpp,LevelScreen::PollInput(),151,144,74,24,4,0,3,9,
C:\Users\Styn\Documents\Visual Studio 2015\Projects\Cross Wars vs Onslaught\Cross Wars vs Onslaught\LuaManager.cpp,LuaManager::LuaManager(),2,1,1,0,1,0,0,0,
C:\Users\Styn\Documents\Visual Studio 2015\Projects\Cross Wars vs Onslaught\Cross Wars vs Onslaught\LuaManager.cpp,LuaManager::~LuaManager(),2,2,2,0,0,0,0,0,
C:\Users\Styn\Documents\Visual Studio 2015\Projects\Cross Wars vs Onslaught\Cross Wars vs Onslaught\LuaManager.cpp,LuaManager::CreateState(),4,3,3,0,0,0,1,4,
C:\Users\Styn\Documents\Visual Studio 2015\Projects\Cross Wars vs Onslaught\Cross Wars vs Onslaught\LuaManager.cpp,LuaManager::Init(),60,47,9,0,7,0,6,62,
C:\Users\Styn\Documents\Visual Studio 2015\Projects\Cross Wars vs Onslaught\Cross Wars vs Onslaught\LuaManager.cpp,LuaManager::LoadWeapon(std::string _ItemID),102,84,59,14,17,0,1,12,
C:\Users\Styn\Documents\Visual Studio 2015\Projects\Cross Wars vs Onslaught\Cross Wars vs Onslaught\LuaManager.cpp,"LuaManager::LoadUnit(std::string _UnitID, Unit::ENTITY_ALLIANCE _Alliance)",115,97,64,17,18,0,0,0,
C:\Users\Styn\Documents\Visual Studio 2015\Projects\Cross Wars vs Onslaught\Cross Wars vs Onslaught\LuaManager.cpp,LuaManager::GetChapterInfo(std::string _ChapterName),21,16,12,5,5,0,0,0,
C:\Users\Styn\Documents\Visual Studio 2015\Projects\Cross Wars vs Onslaught\Cross Wars vs Onslaught\LuaManager.cpp,LuaManager::LoadChapter(std::string _ChapterName),45,37,26,7,8,0,0,0,
C:\Users\Styn\Documents\Visual Studio 2015\Projects\Cross Wars vs Onslaught\Cross Wars vs Onslaught\Map.cpp,Map::Map(sf::Sprite* _MapSprite),3,3,3,0,0,0,0,0,
C:\Users\Styn\Documents\Visual Studio 2015\Projects\Cross Wars vs Onslaught\Cross Wars vs Onslaught\Map.cpp,Map::~Map(),1,1,1,0,0,0,0,0,
C:\Users\Styn\Documents\Visual Studio 2015\Projects\Cross Wars vs Onslaught\Cross Wars vs Onslaught\Map.cpp,"Map::AddUnit(Unit* _pUnit, Unit::ENTITY_ALLIANCE _alliance)",16,16,10,5,0,0,0,0,
C:\Users\Styn\Documents\Visual Studio 2015\Projects\Cross Wars vs Onslaught\Cross Wars vs Onslaught\Map.cpp,Map::PosIsWalkable(sf::Vector2f _pos),4,2,2,1,0,0,2,19,
C:\Users\Styn\Documents\Visual Studio 2015\Projects\Cross Wars vs Onslaught\Cross Wars vs Onslaught\Map.cpp,Map::GetFreeSpawnzone(),8,8,5,3,0,0,0,0,
C:\Users\Styn\Documents\Visual Studio 2015\Projects\Cross Wars vs Onslaught\Cross Wars vs Onslaught\MapManager.cpp,MapManager::MapManager(),2,1,1,0,1,0,0,0,
C:\Users\Styn\Documents\Visual Studio 2015\Projects\Cross Wars vs Onslaught\Cross Wars vs Onslaught\MapManager.cpp,MapManager::~MapManager(),1,1,1,0,0,0,0,0,
C:\Users\Styn\Documents\Visual Studio 2015\Projects\Cross Wars vs Onslaught\Cross Wars vs Onslaught\MapManager.cpp,MapManager::LoadMap(std::string _id),166,137,86,17,29,0,0,0,
C:\Users\Styn\Documents\Visual Studio 2015\Projects\Cross Wars vs Onslaught\Cross Wars vs Onslaught\MenuScreen.cpp,MenuScreen::MenuScreen(sf::RenderWindow* _pRenderWindow),40,31,27,1,9,0,0,0,
C:\Users\Styn\Documents\Visual Studio 2015\Projects\Cross Wars vs Onslaught\Cross Wars vs Onslaught\MenuScreen.cpp,MenuScreen::~MenuScreen(),1,1,1,0,0,0,0,0,
C:\Users\Styn\Documents\Visual Studio 2015\Projects\Cross Wars vs Onslaught\Cross Wars vs Onslaught\MenuScreen.cpp,MenuScreen::Start(),10,8,8,0,2,0,0,0,
C:\Users\Styn\Documents\Visual Studio 2015\Projects\Cross Wars vs Onslaught\Cross Wars vs Onslaught\MenuScreen.cpp,MenuScreen::Update(),107,97,57,13,10,0,0,0,
C:\Users\Styn\Documents\Visual Studio 2015\Projects\Cross Wars vs Onslaught\Cross Wars vs Onslaught\MenuScreen.cpp,MenuScreen::Draw(),25,21,15,2,4,0,0,0,
C:\Users\Styn\Documents\Visual Studio 2015\Projects\Cross Wars vs Onslaught\Cross Wars vs Onslaught\MenuScreen.cpp,MenuScreen::UpdateCursor(),3,3,3,0,0,0,0,0,
C:\Users\Styn\Documents\Visual Studio 2015\Projects\Cross Wars vs Onslaught\Cross Wars vs Onslaught\MenuScreen.cpp,MenuScreen::Unload(),1,1,1,0,0,0,0,0,
C:\Users\Styn\Documents\Visual Studio 2015\Projects\Cross Wars vs Onslaught\Cross Wars vs Onslaught\MenuScreen.cpp,MenuScreen::PollInput(),32,31,19,3,1,0,0,0,
C:\Users\Styn\Documents\Visual Studio 2015\Projects\Cross Wars vs Onslaught\Cross Wars vs Onslaught\MenuScreen.cpp,MenuScreen::NewGame(),2,2,2,0,0,0,0,0,
C:\Users\Styn\Documents\Visual Studio 2015\Projects\Cross Wars vs Onslaught\Cross Wars vs Onslaught\MenuScreen.cpp,MenuScreen::LoadGame(),1,1,1,0,0,0,0,0,
C:\Users\Styn\Documents\Visual Studio 2015\Projects\Cross Wars vs Onslaught\Cross Wars vs Onslaught\MissionScreen.cpp,MissionScreen::MissionScreen(sf::RenderWindow* _pRenderWindow),8,7,7,0,1,0,0,0,
C:\Users\Styn\Documents\Visual Studio 2015\Projects\Cross Wars vs Onslaught\Cross Wars vs Onslaught\MissionScreen.cpp,MissionScreen::~MissionScreen(),1,1,1,0,0,0,0,0,
C:\Users\Styn\Documents\Visual Studio 2015\Projects\Cross Wars vs Onslaught\Cross Wars vs Onslaught\MissionScreen.cpp,MissionScreen::Start(),39,31,25,2,8,0,0,0,
C:\Users\Styn\Documents\Visual Studio 2015\Projects\Cross Wars vs Onslaught\Cross Wars vs Onslaught\MissionScreen.cpp,MissionScreen::Draw(),17,15,9,2,2,0,0,0,
C:\Users\Styn\Documents\Visual Studio 2015\Projects\Cross Wars vs Onslaught\Cross Wars vs Onslaught\MissionScreen.cpp,MissionScreen::Unload(),1,1,1,0,0,0,0,0,
C:\Users\Styn\Documents\Visual Studio 2015\Projects\Cross Wars vs Onslaught\Cross Wars vs Onslaught\MissionScreen.cpp,MissionScreen::PollInput(),41,39,25,3,1,0,1,1,
C:\Users\Styn\Documents\Visual Studio 2015\Projects\Cross Wars vs Onslaught\Cross Wars vs Onslaught\MusicPlayer.cpp,SoundPlayer::SoundPlayer(),29,25,25,0,4,0,0,0,
C:\Users\Styn\Documents\Visual Studio 2015\Projects\Cross Wars vs Onslaught\Cross Wars vs Onslaught\MusicPlayer.cpp,SoundPlayer::~SoundPlayer(),1,1,1,0,0,0,0,0,
C:\Users\Styn\Documents\Visual Studio 2015\Projects\Cross Wars vs Onslaught\Cross Wars vs Onslaught\MusicPlayer.cpp,SoundPlayer::Update(),50,47,29,4,3,0,0,0,
C:\Users\Styn\Documents\Visual Studio 2015\Projects\Cross Wars vs Onslaught\Cross Wars vs Onslaught\MusicPlayer.cpp,"SoundPlayer::Transition(sf::Music* _pMusic, int _TransitioningSpeed)",5,5,5,0,0,0,0,0,
C:\Users\Styn\Documents\Visual Studio 2015\Projects\Cross Wars vs Onslaught\Cross Wars vs Onslaught\MusicPlayer.cpp,"SoundPlayer::PlayMusic(std::string _File, bool _MustLoop)",9,9,7,1,0,0,0,0,
C:\Users\Styn\Documents\Visual Studio 2015\Projects\Cross Wars vs Onslaught\Cross Wars vs Onslaught\MusicPlayer.cpp,"SoundPlayer::SetLevelMusic(std::string _File, bool _MustLoop)",8,8,6,1,0,0,0,0,
C:\Users\Styn\Documents\Visual Studio 2015\Projects\Cross Wars vs Onslaught\Cross Wars vs Onslaught\MusicPlayer.cpp,"SoundPlayer::SetBattleMusic(std::string _File, bool _MustLoop)",8,8,6,1,0,0,0,0,
C:\Users\Styn\Documents\Visual Studio 2015\Projects\Cross Wars vs Onslaught\Cross Wars vs Onslaught\MusicPlayer.cpp,"SoundPlayer::SetBossMusic(std::string _File, bool _MustLoop)",8,8,6,1,0,0,0,0,
C:\Users\Styn\Documents\Visual Studio 2015\Projects\Cross Wars vs Onslaught\Cross Wars vs Onslaught\MusicPlayer.cpp,"SoundPlayer::PlaySound(std::string _File, bool _MustLoop)",9,9,7,1,0,0,0,0,
C:\Users\Styn\Documents\Visual Studio 2015\Projects\Cross Wars vs Onslaught\Cross Wars vs Onslaught\MusicPlayer.cpp,"SoundPlayer::PlaySoundFromBuffer(sf::SoundBuffer* _pBuffer, bool _MustLoop)",4,4,4,0,0,0,0,0,
C:\Users\Styn\Documents\Visual Studio 2015\Projects\Cross Wars vs Onslaught\Cross Wars vs Onslaught\MusicPlayer.cpp,SoundPlayer::PlaySpecificMusic(sf::Music* _pMusic),8,7,5,1,1,0,0,0,
C:\Users\Styn\Documents\Visual Studio 2015\Projects\Cross Wars vs Onslaught\Cross Wars vs Onslaught\MusicPlayer.cpp,SoundPlayer::FadeOutMusic(float _Speed),5,5,5,0,0,0,0,0,
C:\Users\Styn\Documents\Visual Studio 2015\Projects\Cross Wars vs Onslaught\Cross Wars vs Onslaught\MusicPlayer.cpp,SoundPlayer::StopMusic(),10,9,5,2,1,0,0,0,
C:\Users\Styn\Documents\Visual Studio 2015\Projects\Cross Wars vs Onslaught\Cross Wars vs Onslaught\Node.cpp,"Node::Node(int _x, int _y, int _e)",7,7,7,0,0,0,0,0,
C:\Users\Styn\Documents\Visual Studio 2015\Projects\Cross Wars vs Onslaught\Cross Wars vs Onslaught\Node.cpp,Node::~Node(),2,1,1,0,1,0,0,0,
C:\Users\Styn\Documents\Visual Studio 2015\Projects\Cross Wars vs Onslaught\Cross Wars vs Onslaught\Node.cpp,Node::CompareTo(Node * _nodeToCompare),7,7,5,2,0,0,0,0,
C:\Users\Styn\Documents\Visual Studio 2015\Projects\Cross Wars vs Onslaught\Cross Wars vs Onslaught\PlayerManager.cpp,PlayerManager::PlayerManager(),2,1,1,0,1,0,0,0,
C:\Users\Styn\Documents\Visual Studio 2015\Projects\Cross Wars vs Onslaught\Cross Wars vs Onslaught\PlayerManager.cpp,PlayerManager::~PlayerManager(),1,1,1,0,0,0,0,0,
C:\Users\Styn\Documents\Visual Studio 2015\Projects\Cross Wars vs Onslaught\Cross Wars vs Onslaught\PlayerManager.cpp,PlayerManager::SwitchUnitFromTeams(Unit* _pUnit),28,28,20,7,0,0,0,0,
C:\Users\Styn\Documents\Visual Studio 2015\Projects\Cross Wars vs Onslaught\Cross Wars vs Onslaught\PlayerManager.cpp,PlayerManager::FindUnit(std::string _GUID),18,16,8,7,2,0,0,0,
C:\Users\Styn\Documents\Visual Studio 2015\Projects\Cross Wars vs Onslaught\Cross Wars vs Onslaught\PlayerManager.cpp,PlayerManager::GetEnergyUnits(),2,2,2,1,0,0,0,0,
C:\Users\Styn\Documents\Visual Studio 2015\Projects\Cross Wars vs Onslaught\Cross Wars vs Onslaught\PlayerManager.cpp,PlayerManager::AddEnergyUnits(int _Amount),2,2,2,0,0,0,0,0,
C:\Users\Styn\Documents\Visual Studio 2015\Projects\Cross Wars vs Onslaught\Cross Wars vs Onslaught\PlayerManager.cpp,PlayerManager::DeductEnergyUnits(int _Amount),2,2,2,0,0,0,0,0,
C:\Users\Styn\Documents\Visual Studio 2015\Projects\Cross Wars vs Onslaught\Cross Wars vs Onslaught\PlayerManager.cpp,PlayerManager::AddReadyUnit(Unit* _pUnit),3,3,3,0,0,0,0,0,
C:\Users\Styn\Documents\Visual Studio 2015\Projects\Cross Wars vs Onslaught\Cross Wars vs Onslaught\PlayerManager.cpp,PlayerManager::AddInactiveUnit(Unit* _pUnit),3,3,3,0,0,0,0,0,
C:\Users\Styn\Documents\Visual Studio 2015\Projects\Cross Wars vs Onslaught\Cross Wars vs Onslaught\PlayerManager.cpp,PlayerManager::AddAvailableMission(PreloadChapter _Preload),2,2,2,0,0,0,0,0,
C:\Users\Styn\Documents\Visual Studio 2015\Projects\Cross Wars vs Onslaught\Cross Wars vs Onslaught\PlayerManager.cpp,PlayerManager::Load(),2,2,2,0,0,0,0,0,
C:\Users\Styn\Documents\Visual Studio 2015\Projects\Cross Wars vs Onslaught\Cross Wars vs Onslaught\PlayerManager.cpp,PlayerManager::LoadGame(),2,1,1,0,1,0,0,0,
C:\Users\Styn\Documents\Visual Studio 2015\Projects\Cross Wars vs Onslaught\Cross Wars vs Onslaught\PlayerManager.cpp,PlayerManager::NewGame(),19,15,15,0,4,0,0,0,
C:\Users\Styn\Documents\Visual Studio 2015\Projects\Cross Wars vs Onslaught\Cross Wars vs Onslaught\PlayerManager.cpp,PlayerManager::CreateSaveFile(),94,79,67,10,15,0,0,0,
C:\Users\Styn\Documents\Visual Studio 2015\Projects\Cross Wars vs Onslaught\Cross Wars vs Onslaught\RecieveScreen.cpp,RecieveScreen::RecieveScreen(sf::RenderWindow* _pRenderWindow),14,11,11,0,3,0,0,0,
C:\Users\Styn\Documents\Visual Studio 2015\Projects\Cross Wars vs Onslaught\Cross Wars vs Onslaught\RecieveScreen.cpp,RecieveScreen::~RecieveScreen(),1,1,1,0,0,0,0,0,
C:\Users\Styn\Documents\Visual Studio 2015\Projects\Cross Wars vs Onslaught\Cross Wars vs Onslaught\RecieveScreen.cpp,RecieveScreen::Start(),7,7,7,0,0,0,0,0,
C:\Users\Styn\Documents\Visual Studio 2015\Projects\Cross Wars vs Onslaught\Cross Wars vs Onslaught\RecieveScreen.cpp,RecieveScreen::Draw(),4,4,4,0,0,0,0,0,
C:\Users\Styn\Documents\Visual Studio 2015\Projects\Cross Wars vs Onslaught\Cross Wars vs Onslaught\RecieveScreen.cpp,RecieveScreen::Update(),53,51,29,7,2,0,0,0,
C:\Users\Styn\Documents\Visual Studio 2015\Projects\Cross Wars vs Onslaught\Cross Wars vs Onslaught\RecieveScreen.cpp,RecieveScreen::Unload(),2,2,2,0,0,0,0,0,
C:\Users\Styn\Documents\Visual Studio 2015\Projects\Cross Wars vs Onslaught\Cross Wars vs Onslaught\RecieveScreen.cpp,RecieveScreen::PollInput(),13,12,6,3,1,0,0,0,
C:\Users\Styn\Documents\Visual Studio 2015\Projects\Cross Wars vs Onslaught\Cross Wars vs Onslaught\RecieveScreen.cpp,RecieveScreen::RecieveItem(Item* _pItem),19,15,15,0,4,0,0,0,
C:\Users\Styn\Documents\Visual Studio 2015\Projects\Cross Wars vs Onslaught\Cross Wars vs Onslaught\RecieveScreen.cpp,RecieveScreen::RecieveUnit(Unit* _pUnit),23,18,18,0,5,0,0,0,
C:\Users\Styn\Documents\Visual Studio 2015\Projects\Cross Wars vs Onslaught\Cross Wars vs Onslaught\ResourceManager.cpp,ResourceManager::ResourceManager(sf::RenderWindow* _pWindow),2,2,2,0,0,0,0,0,
C:\Users\Styn\Documents\Visual Studio 2015\Projects\Cross Wars vs Onslaught\Cross Wars vs Onslaught\ResourceManager.cpp,ResourceManager::~ResourceManager(),1,1,1,0,0,0,0,0,
C:\Users\Styn\Documents\Visual Studio 2015\Projects\Cross Wars vs Onslaught\Cross Wars vs Onslaught\ResourceManager.cpp,ResourceManager::LoadResources(),27,23,14,4,4,0,0,0,
C:\Users\Styn\Documents\Visual Studio 2015\Projects\Cross Wars vs Onslaught\Cross Wars vs Onslaught\ResourceManager.cpp,"ResourceManager::AddPlatform(std::string _id, sf::Sprite* _sprite)",2,2,3,0,0,0,0,0,
C:\Users\Styn\Documents\Visual Studio 2015\Projects\Cross Wars vs Onslaught\Cross Wars vs Onslaught\ResourceManager.cpp,ResourceManager::GetPlatform(std::string _ID),6,6,5,3,0,0,0,0,
C:\Users\Styn\Documents\Visual Studio 2015\Projects\Cross Wars vs Onslaught\Cross Wars vs Onslaught\ResourceManager.cpp,"ResourceManager::AddBackground(std::string _id, sf::Sprite* _sprite)",2,2,3,0,0,0,0,0,
C:\Users\Styn\Documents\Visual Studio 2015\Projects\Cross Wars vs Onslaught\Cross Wars vs Onslaught\ResourceManager.cpp,ResourceManager::GetBackground(std::string _ID),6,6,5,3,0,0,0,0,
C:\Users\Styn\Documents\Visual Studio 2015\Projects\Cross Wars vs Onslaught\Cross Wars vs Onslaught\ScreenManager.cpp,ScreenManager::LoadScreen(GameScreen* _pScreen),3,3,3,0,0,0,0,0,
C:\Users\Styn\Documents\Visual Studio 2015\Projects\Cross Wars vs Onslaught\Cross Wars vs Onslaught\ScreenManager.cpp,ScreenManager::CloseScreen(),6,6,4,1,0,0,0,0,
C:\Users\Styn\Documents\Visual Studio 2015\Projects\Cross Wars vs Onslaught\Cross Wars vs Onslaught\ScreenManager.cpp,ScreenManager::CloseAllScreens(),5,5,3,1,0,0,0,0,
C:\Users\Styn\Documents\Visual Studio 2015\Projects\Cross Wars vs Onslaught\Cross Wars vs Onslaught\ScreenManager.cpp,ScreenManager::UpdateScreen(),11,10,7,2,1,0,0,0,
C:\Users\Styn\Documents\Visual Studio 2015\Projects\Cross Wars vs Onslaught\Cross Wars vs Onslaught\ScreenManager.cpp,ScreenManager::DrawScreen(),4,3,3,1,1,0,0,0,
C:\Users\Styn\Documents\Visual Studio 2015\Projects\Cross Wars vs Onslaught\Cross Wars vs Onslaught\ScreenManager.cpp,ScreenManager::SetBattleDialogue(std::string _SceneID),2,2,2,0,0,0,0,0,
C:\Users\Styn\Documents\Visual Studio 2015\Projects\Cross Wars vs Onslaught\Cross Wars vs Onslaught\ShowChapter.cpp,ShowChapter::ShowChapter(std::string _ChapterName),2,2,2,0,0,0,0,0,
C:\Users\Styn\Documents\Visual Studio 2015\Projects\Cross Wars vs Onslaught\Cross Wars vs Onslaught\ShowChapter.cpp,ShowChapter::~ShowChapter(),1,1,1,0,0,0,0,0,
C:\Users\Styn\Documents\Visual Studio 2015\Projects\Cross Wars vs Onslaught\Cross Wars vs Onslaught\ShowChapter.cpp,ShowChapter::Run(),4,3,3,0,1,0,0,0,
C:\Users\Styn\Documents\Visual Studio 2015\Projects\Cross Wars vs Onslaught\Cross Wars vs Onslaught\StateMachine.cpp,StateMachine::StateMachine(),2,2,2,0,0,0,0,0,
C:\Users\Styn\Documents\Visual Studio 2015\Projects\Cross Wars vs Onslaught\Cross Wars vs Onslaught\StateMachine.cpp,StateMachine::~StateMachine(),1,1,1,0,0,0,0,0,
C:\Users\Styn\Documents\Visual Studio 2015\Projects\Cross Wars vs Onslaught\Cross Wars vs Onslaught\StateMachine.cpp,StateMachine::LoadChapter(Chapter* _Chapter),4,4,4,0,0,0,0,0,
C:\Users\Styn\Documents\Visual Studio 2015\Projects\Cross Wars vs Onslaught\Cross Wars vs Onslaught\StateMachine.cpp,StateMachine::NextState(),14,12,8,1,2,0,0,0,
C:\Users\Styn\Documents\Visual Studio 2015\Projects\Cross Wars vs Onslaught\Cross Wars vs Onslaught\StateMachine.cpp,StateMachine::ReturnToBarracks(),3,3,3,0,0,0,0,0,
C:\Users\Styn\Documents\Visual Studio 2015\Projects\Cross Wars vs Onslaught\Cross Wars vs Onslaught\StateMachine.cpp,StateMachine::ShowChapterScreen(),2,2,2,0,0,0,0,0,
C:\Users\Styn\Documents\Visual Studio 2015\Projects\Cross Wars vs Onslaught\Cross Wars vs Onslaught\StateMachine.cpp,StateMachine::AddBattle(std::string _MapID),2,2,2,0,0,0,0,0,
C:\Users\Styn\Documents\Visual Studio 2015\Projects\Cross Wars vs Onslaught\Cross Wars vs Onslaught\StateMachine.cpp,StateMachine::AddIntermission(std::string _IntermissionName),2,2,2,0,0,0,0,0,
C:\Users\Styn\Documents\Visual Studio 2015\Projects\Cross Wars vs Onslaught\Cross Wars vs Onslaught\StateMachine.cpp,StateMachine::AddDialogue(std::string _DialogueID),2,2,2,0,0,0,0,0,
C:\Users\Styn\Documents\Visual Studio 2015\Projects\Cross Wars vs Onslaught\Cross Wars vs Onslaught\StateMachine.cpp,StateMachine::AddNewUnit(std::string _UnitID),2,2,2,0,0,0,0,0,
C:\Users\Styn\Documents\Visual Studio 2015\Projects\Cross Wars vs Onslaught\Cross Wars vs Onslaught\StateMachine.cpp,StateMachine::AddNewItem(std::string _ItemID),2,2,2,0,0,0,0,0,
C:\Users\Styn\Documents\Visual Studio 2015\Projects\Cross Wars vs Onslaught\Cross Wars vs Onslaught\StateMachine.cpp,StateMachine::AddAvailableMission(std::string _FileName),3,3,3,0,0,0,0,0,
C:\Users\Styn\Documents\Visual Studio 2015\Projects\Cross Wars vs Onslaught\Cross Wars vs Onslaught\TeamManager.cpp,TeamManager::TeamManager(),1,1,1,0,0,0,0,0,
C:\Users\Styn\Documents\Visual Studio 2015\Projects\Cross Wars vs Onslaught\Cross Wars vs Onslaught\TeamManager.cpp,TeamManager::~TeamManager(),1,1,1,0,0,0,0,0,
C:\Users\Styn\Documents\Visual Studio 2015\Projects\Cross Wars vs Onslaught\Cross Wars vs Onslaught\TextContainer.cpp,TextContainer::Draw(),2,2,2,0,0,0,0,0,
C:\Users\Styn\Documents\Visual Studio 2015\Projects\Cross Wars vs Onslaught\Cross Wars vs Onslaught\TextContainer.cpp,"TextContainer::TextContainer(sf::RenderWindow* _pRenderWindow, std::string _RawText, sf::Font* _pFont, sf::Vector2f _Pos, int _Width)",10,9,9,0,1,0,0,0,
C:\Users\Styn\Documents\Visual Studio 2015\Projects\Cross Wars vs Onslaught\Cross Wars vs Onslaught\TextContainer.cpp,"TextContainer::WordWrap(std::string _String, int _Width)",31,23,17,4,8,0,0,0,
C:\Users\Styn\Documents\Visual Studio 2015\Projects\Cross Wars vs Onslaught\Cross Wars vs Onslaught\TextContainer.cpp,"TextContainer::SetText(std::string _String, bool _isPreWrapped)",10,9,5,1,1,0,0,0,
C:\Users\Styn\Documents\Visual Studio 2015\Projects\Cross Wars vs Onslaught\Cross Wars vs Onslaught\TextContainer.cpp,TextContainer::~TextContainer(),2,1,1,0,1,0,0,0,
C:\Users\Styn\Documents\Visual Studio 2015\Projects\Cross Wars vs Onslaught\Cross Wars vs Onslaught\TextSanitizer.cpp,TextSanitizer::SanitizeString(std::string _string),6,4,4,1,2,0,0,0,
C:\Users\Styn\Documents\Visual Studio 2015\Projects\Cross Wars vs Onslaught\Cross Wars vs Onslaught\TextSanitizer.cpp,"TextSanitizer::ReplaceWord(std::string _haystack, std::string _needle, std::string _replacement)",7,6,4,2,1,0,0,0,
C:\Users\Styn\Documents\Visual Studio 2015\Projects\Cross Wars vs Onslaught\Cross Wars vs Onslaught\TextSanitizer.cpp,TextSanitizer::CenterOrigin(sf::Text* _pText),3,3,3,0,0,0,0,0,
C:\Users\Styn\Documents\Visual Studio 2015\Projects\Cross Wars vs Onslaught\Cross Wars vs Onslaught\TextSanitizer.cpp,TextSanitizer::CenterOriginHorizontally(sf::Text* _pText),3,3,3,0,0,0,0,0,
C:\Users\Styn\Documents\Visual Studio 2015\Projects\Cross Wars vs Onslaught\Cross Wars vs Onslaught\TextSanitizer.cpp,TextSanitizer::CenterOriginHorizontallyRight(sf::Text* _pText),3,3,3,0,0,0,0,0,
C:\Users\Styn\Documents\Visual Studio 2015\Projects\Cross Wars vs Onslaught\Cross Wars vs Onslaught\TextSanitizer.cpp,TextSanitizer::CenterOriginHorizontallyLeft(sf::Text* _pText),3,3,3,0,0,0,0,0,
C:\Users\Styn\Documents\Visual Studio 2015\Projects\Cross Wars vs Onslaught\Cross Wars vs Onslaught\TextSanitizer.cpp,TextSanitizer::CenterLeftAndBottom(sf::Text* _pText),3,3,3,0,0,0,0,0,
C:\Users\Styn\Documents\Visual Studio 2015\Projects\Cross Wars vs Onslaught\Cross Wars vs Onslaught\TextSanitizer.cpp,TextSanitizer::CenterLeftAndTop(sf::Text* _pText),3,3,3,0,0,0,0,0,
C:\Users\Styn\Documents\Visual Studio 2015\Projects\Cross Wars vs Onslaught\Cross Wars vs Onslaught\TextureManager.cpp,TextureManager::TextureManager(),3,3,3,0,0,0,0,0,
C:\Users\Styn\Documents\Visual Studio 2015\Projects\Cross Wars vs Onslaught\Cross Wars vs Onslaught\TextureManager.cpp,TextureManager::~TextureManager(),1,1,1,0,0,0,0,0,
C:\Users\Styn\Documents\Visual Studio 2015\Projects\Cross Wars vs Onslaught\Cross Wars vs Onslaught\TextureManager.cpp,"TextureManager::LoadTexture(std::string _fileName, Folders::FolderType _type)",42,38,25,10,4,0,0,0,
C:\Users\Styn\Documents\Visual Studio 2015\Projects\Cross Wars vs Onslaught\Cross Wars vs Onslaught\TextureManager.cpp,"TextureManager::GetItemTexture(int _x, int _y)",4,3,3,1,1,0,0,0,
C:\Users\Styn\Documents\Visual Studio 2015\Projects\Cross Wars vs Onslaught\Cross Wars vs Onslaught\TextureManager.cpp,"TextureManager::GetSkillTexture(int _x, int _y)",4,3,3,1,1,0,0,0,
C:\Users\Styn\Documents\Visual Studio 2015\Projects\Cross Wars vs Onslaught\Cross Wars vs Onslaught\Tile.cpp,"Tile::Tile(int _x, int _y, bool _isPassable)",4,4,4,0,0,0,0,0,
C:\Users\Styn\Documents\Visual Studio 2015\Projects\Cross Wars vs Onslaught\Cross Wars vs Onslaught\Tile.cpp,Tile::~Tile(),1,1,1,0,0,0,0,0,
C:\Users\Styn\Documents\Visual Studio 2015\Projects\Cross Wars vs Onslaught\Cross Wars vs Onslaught\UIButton.cpp,"UIButton::UIButton(sf::Sprite* _pButtonImage, sf::RenderWindow* _pWindow, sf::Vector2f _Position)",5,5,5,0,0,0,0,0,
C:\Users\Styn\Documents\Visual Studio 2015\Projects\Cross Wars vs Onslaught\Cross Wars vs Onslaught\UIButton.cpp,UIButton::~UIButton(),2,2,2,0,0,0,0,0,
C:\Users\Styn\Documents\Visual Studio 2015\Projects\Cross Wars vs Onslaught\Cross Wars vs Onslaught\UIButton.cpp,UIButton::Draw(),2,2,2,0,0,0,0,0,
C:\Users\Styn\Documents\Visual Studio 2015\Projects\Cross Wars vs Onslaught\Cross Wars vs Onslaught\UIButton.cpp,UIButton::SetPosition(sf::Vector2f _Position),3,3,3,0,0,0,0,0,
C:\Users\Styn\Documents\Visual Studio 2015\Projects\Cross Wars vs Onslaught\Cross Wars vs Onslaught\UltimateLeader.cpp,UltimateLeader::UltimateLeader(),5,5,5,0,0,0,0,0,
C:\Users\Styn\Documents\Visual Studio 2015\Projects\Cross Wars vs Onslaught\Cross Wars vs Onslaught\UltimateLeader.cpp,UltimateLeader::~UltimateLeader(),1,1,1,0,0,0,0,0,
C:\Users\Styn\Documents\Visual Studio 2015\Projects\Cross Wars vs Onslaught\Cross Wars vs Onslaught\UltimateLeader.cpp,"UltimateLeader::Trigger(Unit* _Equipped, Unit* _Enemy, BattleOutcome* _Battle)",14,13,9,1,0,0,1,11,
C:\Users\Styn\Documents\Visual Studio 2015\Projects\Cross Wars vs Onslaught\Cross Wars vs Onslaught\Unit.cpp,Unit::Unit(),6,6,6,0,0,0,0,0,
C:\Users\Styn\Documents\Visual Studio 2015\Projects\Cross Wars vs Onslaught\Cross Wars vs Onslaught\Unit.cpp,Unit::Unit(ENTITY_ALLIANCE _alliance),7,7,7,0,0,0,0,0,
C:\Users\Styn\Documents\Visual Studio 2015\Projects\Cross Wars vs Onslaught\Cross Wars vs Onslaught\Unit.cpp,"Unit::Unit(int _LVL, int _ATK, int _DEF, int _SPD, int _LCK, int _MOV, int _MAXHP, ENTITY_ALLIANCE _ALLIANCE)",16,15,15,0,1,0,0,0,
C:\Users\Styn\Documents\Visual Studio 2015\Projects\Cross Wars vs Onslaught\Cross Wars vs Onslaught\Unit.cpp,Unit::~Unit(),2,1,1,0,1,0,0,0,
C:\Users\Styn\Documents\Visual Studio 2015\Projects\Cross Wars vs Onslaught\Cross Wars vs Onslaught\Unit.cpp,Unit::Update(),6,5,5,0,1,0,0,0,
C:\Users\Styn\Documents\Visual Studio 2015\Projects\Cross Wars vs Onslaught\Cross Wars vs Onslaught\Unit.cpp,"Unit::Move(sf::Vector2f _Position, sf::Vector2f _DataPosition)",4,4,4,0,0,0,0,0,
C:\Users\Styn\Documents\Visual Studio 2015\Projects\Cross Wars vs Onslaught\Cross Wars vs Onslaught\Unit.cpp,Unit::RevertPosition(),2,2,2,0,0,0,0,0,
C:\Users\Styn\Documents\Visual Studio 2015\Projects\Cross Wars vs Onslaught\Cross Wars vs Onslaught\Unit.cpp,Unit::CreateUnitSprite(ENTITY_ALLIANCE _alliance),16,16,10,5,0,0,0,0,
C:\Users\Styn\Documents\Visual Studio 2015\Projects\Cross Wars vs Onslaught\Cross Wars vs Onslaught\Unit.cpp,Unit::IsPlayerUnit(),2,2,2,1,0,0,0,0,
C:\Users\Styn\Documents\Visual Studio 2015\Projects\Cross Wars vs Onslaught\Cross Wars vs Onslaught\Unit.cpp,Unit::IsEnemyUnit(),2,2,2,1,0,0,0,0,
C:\Users\Styn\Documents\Visual Studio 2015\Projects\Cross Wars vs Onslaught\Cross Wars vs Onslaught\Unit.cpp,Unit::IsPartnerUnit(),2,2,2,1,0,0,0,0,
C:\Users\Styn\Documents\Visual Studio 2015\Projects\Cross Wars vs Onslaught\Cross Wars vs Onslaught\Unit.cpp,"Unit::IsUnitInView(sf::Vector2i _position, sf::Vector2i _rectangle)",13,12,5,6,1,0,0,0,
C:\Users\Styn\Documents\Visual Studio 2015\Projects\Cross Wars vs Onslaught\Cross Wars vs Onslaught\Unit.cpp,Unit::DeactivateUnit(),3,3,3,0,0,0,0,0,
C:\Users\Styn\Documents\Visual Studio 2015\Projects\Cross Wars vs Onslaught\Cross Wars vs Onslaught\Unit.cpp,Unit::ReactivateUnit(),3,3,3,0,0,0,0,0,
C:\Users\Styn\Documents\Visual Studio 2015\Projects\Cross Wars vs Onslaught\Cross Wars vs Onslaught\Unit.cpp,Unit::InflictDamage(int _Damage),10,10,7,1,0,0,0,0,
C:\Users\Styn\Documents\Visual Studio 2015\Projects\Cross Wars vs Onslaught\Cross Wars vs Onslaught\Unit.cpp,Unit::InflictHealing(int _Damage),2,1,1,0,1,0,0,0,
C:\Users\Styn\Documents\Visual Studio 2015\Projects\Cross Wars vs Onslaught\Cross Wars vs Onslaught\Unit.cpp,Unit::Debug(const std::string& text),2,2,2,0,0,0,0,0,
C:\Users\Styn\Documents\Visual Studio 2015\Projects\Cross Wars vs Onslaught\Cross Wars vs Onslaught\Unit.cpp,Unit::giveEXP(int _Amount),6,6,4,1,0,0,0,0,
C:\Users\Styn\Documents\Visual Studio 2015\Projects\Cross Wars vs Onslaught\Cross Wars vs Onslaught\Unit.cpp,Unit::addItemToInventory(Item* _item),2,2,2,0,0,0,0,0,
C:\Users\Styn\Documents\Visual Studio 2015\Projects\Cross Wars vs Onslaught\Cross Wars vs Onslaught\Unit.cpp,Unit::getItemFromInventory(int _loc),3,3,3,2,0,0,0,0,
C:\Users\Styn\Documents\Visual Studio 2015\Projects\Cross Wars vs Onslaught\Cross Wars vs Onslaught\Unit.cpp,"Unit::addSkill(UnitSkill* _SKILL, bool _IsPassive)",9,9,5,2,0,0,0,0,
C:\Users\Styn\Documents\Visual Studio 2015\Projects\Cross Wars vs Onslaught\Cross Wars vs Onslaught\Unit.cpp,Unit::OnEngaged(std::string _EngagerID),9,9,6,1,0,0,0,0,
C:\Users\Styn\Documents\Visual Studio 2015\Projects\Cross Wars vs Onslaught\Cross Wars vs Onslaught\Unit.cpp,Unit::OnDefeated(std::string _EngagerID),9,9,6,1,0,0,0,0,
C:\Users\Styn\Documents\Visual Studio 2015\Projects\Cross Wars vs Onslaught\Cross Wars vs Onslaught\UnitClass.cpp,"UnitClass::UnitClass(int _ATKGrowth, int _DEFGRowth, int _SPDGrowth, int _LCKGrowth, int _HPGrowth, std::string _NAME, sf::Rect<int> _SPRITE)",9,8,8,0,1,0,0,0,
C:\Users\Styn\Documents\Visual Studio 2015\Projects\Cross Wars vs Onslaught\Cross Wars vs Onslaught\UnitClass.cpp,UnitClass::~UnitClass(),1,1,1,0,0,0,0,0,
C:\Users\Styn\Documents\Visual Studio 2015\Projects\Cross Wars vs Onslaught\Cross Wars vs Onslaught\UnitManager.cpp,UnitManager::UnitManager(),5,5,5,0,0,0,0,0,
C:\Users\Styn\Documents\Visual Studio 2015\Projects\Cross Wars vs Onslaught\Cross Wars vs Onslaught\UnitManager.cpp,UnitManager::~UnitManager(),7,6,6,0,1,0,0,0,
C:\Users\Styn\Documents\Visual Studio 2015\Projects\Cross Wars vs Onslaught\Cross Wars vs Onslaught\UnitManager.cpp,UnitManager::LoadClasses(),19,17,8,1,2,0,0,0,
C:\Users\Styn\Documents\Visual Studio 2015\Projects\Cross Wars vs Onslaught\Cross Wars vs Onslaught\UnitManager.cpp,"UnitManager::AddClass(std::string _Name, UnitClass* _pClass)",2,2,3,0,0,0,0,0,
C:\Users\Styn\Documents\Visual Studio 2015\Projects\Cross Wars vs Onslaught\Cross Wars vs Onslaught\UnitManager.cpp,"UnitManager::LoadUnit(std::string _id, Unit::ENTITY_ALLIANCE _alliance, bool _isboss)",4,4,4,1,0,0,0,0,
C:\Users\Styn\Documents\Visual Studio 2015\Projects\Cross Wars vs Onslaught\Cross Wars vs Onslaught\UnitManager.cpp,UnitManager::GetUnitClass(std::string _ID),6,6,5,3,0,0,0,0,
C:\Users\Styn\Documents\Visual Studio 2015\Projects\Cross Wars vs Onslaught\Cross Wars vs Onslaught\UnitManager.cpp,UnitManager::LoadCharacters(),15,10,7,2,2,0,3,25,
C:\Users\Styn\Documents\Visual Studio 2015\Projects\Cross Wars vs Onslaught\Cross Wars vs Onslaught\UnitManager.cpp,UnitManager::AddCharacter(Character* _pCharacter),2,2,3,0,0,0,0,0,
C:\Users\Styn\Documents\Visual Studio 2015\Projects\Cross Wars vs Onslaught\Cross Wars vs Onslaught\UnitManager.cpp,UnitManager::GetCharacter(std::string _ID),7,6,5,3,1,0,0,0,
C:\Users\Styn\Documents\Visual Studio 2015\Projects\Cross Wars vs Onslaught\Cross Wars vs Onslaught\UnitManager.cpp,UnitManager::LoadCharacter(std::string _ID),34,23,20,1,11,0,0,0,
C:\Users\Styn\Documents\Visual Studio 2015\Projects\Cross Wars vs Onslaught\Cross Wars vs Onslaught\UnitMenuOverlay.cpp,"UnitMenuOverlay::UnitMenuOverlay(sf::RenderWindow* _pRenderWindow, Cursor* _pCursor, LevelScreen* _pLevelScreen)",19,12,12,0,7,0,0,0,
C:\Users\Styn\Documents\Visual Studio 2015\Projects\Cross Wars vs Onslaught\Cross Wars vs Onslaught\UnitMenuOverlay.cpp,UnitMenuOverlay::~UnitMenuOverlay(),5,5,5,0,0,0,0,0,
C:\Users\Styn\Documents\Visual Studio 2015\Projects\Cross Wars vs Onslaught\Cross Wars vs Onslaught\UnitMenuOverlay.cpp,UnitMenuOverlay::Draw(),10,8,6,1,2,0,0,0,
C:\Users\Styn\Documents\Visual Studio 2015\Projects\Cross Wars vs Onslaught\Cross Wars vs Onslaught\UnitMenuOverlay.cpp,UnitMenuOverlay::Update(),2,2,2,0,0,0,0,0,
C:\Users\Styn\Documents\Visual Studio 2015\Projects\Cross Wars vs Onslaught\Cross Wars vs Onslaught\UnitMenuOverlay.cpp,UnitMenuOverlay::Load(),16,12,10,1,3,0,1,11,
C:\Users\Styn\Documents\Visual Studio 2015\Projects\Cross Wars vs Onslaught\Cross Wars vs Onslaught\UnitMenuOverlay.cpp,UnitMenuOverlay::UnitWait(),4,4,4,0,0,0,0,0,
C:\Users\Styn\Documents\Visual Studio 2015\Projects\Cross Wars vs Onslaught\Cross Wars vs Onslaught\UnitMenuOverlay.cpp,UnitMenuOverlay::ShowInventoryScreen(),2,2,2,0,0,0,0,0,
C:\Users\Styn\Documents\Visual Studio 2015\Projects\Cross Wars vs Onslaught\Cross Wars vs Onslaught\UnitMenuOverlay.cpp,UnitMenuOverlay::Unload(),2,2,2,0,0,0,0,0,
C:\Users\Styn\Documents\Visual Studio 2015\Projects\Cross Wars vs Onslaught\Cross Wars vs Onslaught\UnitMenuOverlay.cpp,UnitMenuOverlay::Hide(),3,3,3,0,0,0,0,0,
C:\Users\Styn\Documents\Visual Studio 2015\Projects\Cross Wars vs Onslaught\Cross Wars vs Onslaught\UnitMenuOverlay.cpp,UnitMenuOverlay::PollInput(),35,34,20,3,1,0,0,0,
C:\Users\Styn\Documents\Visual Studio 2015\Projects\Cross Wars vs Onslaught\Cross Wars vs Onslaught\UnitOverviewScreen.cpp,UnitOverviewScreen::UnitOverviewScreen(sf::RenderWindow* _pRenderWindow),20,16,16,0,4,0,0,0,
C:\Users\Styn\Documents\Visual Studio 2015\Projects\Cross Wars vs Onslaught\Cross Wars vs Onslaught\UnitOverviewScreen.cpp,UnitOverviewScreen::~UnitOverviewScreen(),1,1,1,0,0,0,0,0,
C:\Users\Styn\Documents\Visual Studio 2015\Projects\Cross Wars vs Onslaught\Cross Wars vs Onslaught\UnitOverviewScreen.cpp,UnitOverviewScreen::Draw(),13,9,9,0,4,0,0,0,
C:\Users\Styn\Documents\Visual Studio 2015\Projects\Cross Wars vs Onslaught\Cross Wars vs Onslaught\UnitOverviewScreen.cpp,UnitOverviewScreen::Unload(),2,1,1,0,1,0,0,0,
C:\Users\Styn\Documents\Visual Studio 2015\Projects\Cross Wars vs Onslaught\Cross Wars vs Onslaught\UnitOverviewScreen.cpp,UnitOverviewScreen::Update(),2,1,1,0,1,0,0,0,
C:\Users\Styn\Documents\Visual Studio 2015\Projects\Cross Wars vs Onslaught\Cross Wars vs Onslaught\UnitOverviewScreen.cpp,UnitOverviewScreen::PollInput(),133,130,76,20,3,0,0,0,
C:\Users\Styn\Documents\Visual Studio 2015\Projects\Cross Wars vs Onslaught\Cross Wars vs Onslaught\UnitOverviewScreen.cpp,UnitOverviewScreen::SetUnit(Unit* _pUnit),23,19,15,1,4,0,0,0,
C:\Users\Styn\Documents\Visual Studio 2015\Projects\Cross Wars vs Onslaught\Cross Wars vs Onslaught\UnitOverviewScreen.cpp,UnitOverviewScreen::ShowSkill(UnitSkill* _pSkill),5,5,5,0,0,0,0,0,
C:\Users\Styn\Documents\Visual Studio 2015\Projects\Cross Wars vs Onslaught\Cross Wars vs Onslaught\UnitOverviewScreen.cpp,UnitOverviewScreen::ShowItem(Item* _pItem),5,5,5,0,0,0,0,0,
C:\Users\Styn\Documents\Visual Studio 2015\Projects\Cross Wars vs Onslaught\Cross Wars vs Onslaught\UnitOverviewScreen.cpp,UnitOverviewScreen::ShowUnit(),5,5,5,0,0,0,0,0,
C:\Users\Styn\Documents\Visual Studio 2015\Projects\Cross Wars vs Onslaught\Cross Wars vs Onslaught\UnitSelectScreen.cpp,UnitSelectScreen::UnitSelectScreen(sf::RenderWindow* _pWindow),7,5,5,0,2,0,0,0,
C:\Users\Styn\Documents\Visual Studio 2015\Projects\Cross Wars vs Onslaught\Cross Wars vs Onslaught\UnitSelectScreen.cpp,UnitSelectScreen::~UnitSelectScreen(),1,1,1,0,0,0,0,0,
C:\Users\Styn\Documents\Visual Studio 2015\Projects\Cross Wars vs Onslaught\Cross Wars vs Onslaught\UnitSelectScreen.cpp,UnitSelectScreen::Draw(),16,13,9,3,3,0,0,0,
C:\Users\Styn\Documents\Visual Studio 2015\Projects\Cross Wars vs Onslaught\Cross Wars vs Onslaught\UnitSelectScreen.cpp,UnitSelectScreen::Unload(),3,3,3,0,0,0,0,0,
C:\Users\Styn\Documents\Visual Studio 2015\Projects\Cross Wars vs Onslaught\Cross Wars vs Onslaught\UnitSelectScreen.cpp,UnitSelectScreen::Load(),64,49,41,4,15,0,0,0,
C:\Users\Styn\Documents\Visual Studio 2015\Projects\Cross Wars vs Onslaught\Cross Wars vs Onslaught\UnitSelectScreen.cpp,UnitSelectScreen::Hide(),3,3,3,0,0,0,0,0,
C:\Users\Styn\Documents\Visual Studio 2015\Projects\Cross Wars vs Onslaught\Cross Wars vs Onslaught\UnitSelectScreen.cpp,UnitSelectScreen::UpdateCursorPosition(),2,2,2,0,0,0,0,0,
C:\Users\Styn\Documents\Visual Studio 2015\Projects\Cross Wars vs Onslaught\Cross Wars vs Onslaught\UnitSelectScreen.cpp,UnitSelectScreen::PollInput(),65,62,36,7,3,0,0,0,
C:\Users\Styn\Documents\Visual Studio 2015\Projects\Cross Wars vs Onslaught\Cross Wars vs Onslaught\UnitSkill.cpp,UnitSkill::UnitSkill(),2,1,1,0,1,0,0,0,
C:\Users\Styn\Documents\Visual Studio 2015\Projects\Cross Wars vs Onslaught\Cross Wars vs Onslaught\UnitSkill.cpp,UnitSkill::~UnitSkill(),1,1,1,0,0,0,0,0,
C:\Users\Styn\Documents\Visual Studio 2015\Projects\Cross Wars vs Onslaught\Cross Wars vs Onslaught\UnitSkill.cpp,UnitSkill::GetDescription(),2,2,2,1,0,0,0,0,
C:\Users\Styn\Documents\Visual Studio 2015\Projects\Cross Wars vs Onslaught\Cross Wars vs Onslaught\UnitSkill.cpp,UnitSkill::GetName(),2,2,2,1,0,0,0,0,
C:\Users\Styn\Documents\Visual Studio 2015\Projects\Cross Wars vs Onslaught\Cross Wars vs Onslaught\Weapon.cpp,Weapon::Weapon(),1,1,1,0,0,0,0,0,
C:\Users\Styn\Documents\Visual Studio 2015\Projects\Cross Wars vs Onslaught\Cross Wars vs Onslaught\Weapon.cpp,Weapon::Weapon(const Weapon& _Weapon),20,16,16,0,4,0,0,0,
C:\Users\Styn\Documents\Visual Studio 2015\Projects\Cross Wars vs Onslaught\Cross Wars vs Onslaught\Weapon.cpp,Weapon::~Weapon(),2,1,1,0,1,0,0,0,
C:\Users\Styn\Documents\Visual Studio 2015\Projects\Cross Wars vs Onslaught\Cross Wars vs Onslaught\Weapon.cpp,Weapon::Debug(const std::string& text),2,2,2,0,0,0,0,0,
C:\Users\Styn\Documents\Visual Studio 2015\Projects\Cross Wars vs Onslaught\Cross Wars vs Onslaught\Weapon.cpp,"Weapon::getWeaponDamage(Unit * Attacker, Unit * Defender)",10,10,7,3,0,0,0,0,
C:\Users\Styn\Documents\Visual Studio 2015\Projects\Cross Wars vs Onslaught\Cross Wars vs Onslaught\Heap.h,currentItemCount(0),1,1,1,0,0,0,0,0,
C:\Users\Styn\Documents\Visual Studio 2015\Projects\Cross Wars vs Onslaught\Cross Wars vs Onslaught\Heap.h,Heap<T>::~Heap(),2,1,1,0,1,0,0,0,
C:\Users\Styn\Documents\Visual Studio 2015\Projects\Cross Wars vs Onslaught\Cross Wars vs Onslaught\Heap.h,Heap<T>::Add(T _item),5,5,5,0,0,0,0,0,
C:\Users\Styn\Documents\Visual Studio 2015\Projects\Cross Wars vs Onslaught\Cross Wars vs Onslaught\Heap.h,Heap<T>::RemoveFirst(),7,7,7,1,0,0,0,0,
C:\Users\Styn\Documents\Visual Studio 2015\Projects\Cross Wars vs Onslaught\Cross Wars vs Onslaught\Heap.h,Heap<T>::UpdateItem(T _item),2,2,2,0,0,0,0,0,
C:\Users\Styn\Documents\Visual Studio 2015\Projects\Cross Wars vs Onslaught\Cross Wars vs Onslaught\Heap.h,Heap<T>::Contains(T _item),2,2,2,1,0,0,0,0,
C:\Users\Styn\Documents\Visual Studio 2015\Projects\Cross Wars vs Onslaught\Cross Wars vs Onslaught\Heap.h,Heap<T>::SortDown(T _item),20,18,11,5,2,0,0,0,
C:\Users\Styn\Documents\Visual Studio 2015\Projects\Cross Wars vs Onslaught\Cross Wars vs Onslaught\Heap.h,Heap<T>::SortUp(T _item),13,11,7,3,2,0,0,0,
C:\Users\Styn\Documents\Visual Studio 2015\Projects\Cross Wars vs Onslaught\Cross Wars vs Onslaught\Heap.h,"Heap<T>::Swap(T _itemA, T _itemB)",6,6,6,0,0,0,0,0,
